,artists
0,"{'external_urls': {'spotify': 'https://open.spotify.com/artist/2wIVse2owClT7go1WT98tk'}, 'followers': {'href': None, 'total': 2336505}, 'genres': ['dance pop', 'hip hop', 'hip pop', 'neo soul', 'pop rap', 'r&b', 'rap', 'urban contemporary', 'virginia hip hop'], 'href': 'https://api.spotify.com/v1/artists/2wIVse2owClT7go1WT98tk', 'id': '2wIVse2owClT7go1WT98tk', 'images': [{'height': 640, 'url': 'https://i.scdn.co/image/ab6761610000e5ebf6691f40d906f097e9fbaa4c', 'width': 640}, {'height': 320, 'url': 'https://i.scdn.co/image/ab67616100005174f6691f40d906f097e9fbaa4c', 'width': 320}, {'height': 160, 'url': 'https://i.scdn.co/image/ab6761610000f178f6691f40d906f097e9fbaa4c', 'width': 160}], 'name': 'Missy Elliott', 'popularity': 69, 'type': 'artist', 'uri': 'spotify:artist:2wIVse2owClT7go1WT98tk'}"
1,"{'external_urls': {'spotify': 'https://open.spotify.com/artist/26dSoYclwsYLMAKD3tpOr4'}, 'followers': {'href': None, 'total': 13212370}, 'genres': ['dance pop', 'pop'], 'href': 'https://api.spotify.com/v1/artists/26dSoYclwsYLMAKD3tpOr4', 'id': '26dSoYclwsYLMAKD3tpOr4', 'images': [{'height': 640, 'url': 'https://i.scdn.co/image/ab6761610000e5eb3a49b0a3954e460a8a76ed90', 'width': 640}, {'height': 320, 'url': 'https://i.scdn.co/image/ab676161000051743a49b0a3954e460a8a76ed90', 'width': 320}, {'height': 160, 'url': 'https://i.scdn.co/image/ab6761610000f1783a49b0a3954e460a8a76ed90', 'width': 160}], 'name': 'Britney Spears', 'popularity': 78, 'type': 'artist', 'uri': 'spotify:artist:26dSoYclwsYLMAKD3tpOr4'}"
2,"{'external_urls': {'spotify': 'https://open.spotify.com/artist/6vWDO969PvNqNYHIOW5v0m'}, 'followers': {'href': None, 'total': 36323248}, 'genres': ['pop', 'r&b'], 'href': 'https://api.spotify.com/v1/artists/6vWDO969PvNqNYHIOW5v0m', 'id': '6vWDO969PvNqNYHIOW5v0m', 'images': [{'height': 640, 'url': 'https://i.scdn.co/image/ab6761610000e5eb12e3f20d05a8d6cfde988715', 'width': 640}, {'height': 320, 'url': 'https://i.scdn.co/image/ab6761610000517412e3f20d05a8d6cfde988715', 'width': 320}, {'height': 160, 'url': 'https://i.scdn.co/image/ab6761610000f17812e3f20d05a8d6cfde988715', 'width': 160}], 'name': 'Beyonc√©', 'popularity': 82, 'type': 'artist', 'uri': 'spotify:artist:6vWDO969PvNqNYHIOW5v0m'}"
3,"{'external_urls': {'spotify': 'https://open.spotify.com/artist/31TPClRtHm23RisEBtV3X7'}, 'followers': {'href': None, 'total': 13443728}, 'genres': ['dance pop', 'pop'], 'href': 'https://api.spotify.com/v1/artists/31TPClRtHm23RisEBtV3X7', 'id': '31TPClRtHm23RisEBtV3X7', 'images': [{'height': 640, 'url': 'https://i.scdn.co/image/ab6761610000e5eb9d3f9efc8e0030306e583cef', 'width': 640}, {'height': 320, 'url': 'https://i.scdn.co/image/ab676161000051749d3f9efc8e0030306e583cef', 'width': 320}, {'height': 160, 'url': 'https://i.scdn.co/image/ab6761610000f1789d3f9efc8e0030306e583cef', 'width': 160}], 'name': 'Justin Timberlake', 'popularity': 78, 'type': 'artist', 'uri': 'spotify:artist:31TPClRtHm23RisEBtV3X7'}"
4,"{'external_urls': {'spotify': 'https://open.spotify.com/artist/5EvFsr3kj42KNv97ZEnqij'}, 'followers': {'href': None, 'total': 2069888}, 'genres': ['pop rap', 'reggae fusion'], 'href': 'https://api.spotify.com/v1/artists/5EvFsr3kj42KNv97ZEnqij', 'id': '5EvFsr3kj42KNv97ZEnqij', 'images': [{'height': 640, 'url': 'https://i.scdn.co/image/ab6761610000e5eb356dc7e9ba8792cb86a0c50c', 'width': 640}, {'height': 320, 'url': 'https://i.scdn.co/image/ab67616100005174356dc7e9ba8792cb86a0c50c', 'width': 320}, {'height': 160, 'url': 'https://i.scdn.co/image/ab6761610000f178356dc7e9ba8792cb86a0c50c', 'width': 160}], 'name': 'Shaggy', 'popularity': 69, 'type': 'artist', 'uri': 'spotify:artist:5EvFsr3kj42KNv97ZEnqij'}"
5,"{'external_urls': {'spotify': 'https://open.spotify.com/artist/23zg3TcAtWQy7J6upgbUnj'}, 'followers': {'href': None, 'total': 10824942}, 'genres': ['atl hip hop', 'contemporary r&b', 'dance pop', 'pop', 'r&b', 'rap', 'south carolina hip hop', 'urban contemporary'], 'href': 'https://api.spotify.com/v1/artists/23zg3TcAtWQy7J6upgbUnj', 'id': '23zg3TcAtWQy7J6upgbUnj', 'images': [{'height': 640, 'url': 'https://i.scdn.co/image/ab6761610000e5eb84813d8e6a3154717e618140', 'width': 640}, {'height': 320, 'url': 'https://i.scdn.co/image/ab6761610000517484813d8e6a3154717e618140', 'width': 320}, {'height': 160, 'url': 'https://i.scdn.co/image/ab6761610000f17884813d8e6a3154717e618140', 'width': 160}], 'name': 'USHER', 'popularity': 77, 'type': 'artist', 'uri': 'spotify:artist:23zg3TcAtWQy7J6upgbUnj'}"
6,"{'external_urls': {'spotify': 'https://open.spotify.com/artist/6wPhSqRtPu1UhRCDX5yaDJ'}, 'followers': {'href': None, 'total': 5538186}, 'genres': ['dance pop', 'girl group', 'pop'], 'href': 'https://api.spotify.com/v1/artists/6wPhSqRtPu1UhRCDX5yaDJ', 'id': '6wPhSqRtPu1UhRCDX5yaDJ', 'images': [{'height': 640, 'url': 'https://i.scdn.co/image/ab6761610000e5eb292575f7d081016e04dff9ee', 'width': 640}, {'height': 320, 'url': 'https://i.scdn.co/image/ab67616100005174292575f7d081016e04dff9ee', 'width': 320}, {'height': 160, 'url': 'https://i.scdn.co/image/ab6761610000f178292575f7d081016e04dff9ee', 'width': 160}], 'name': 'The Pussycat Dolls', 'popularity': 66, 'type': 'artist', 'uri': 'spotify:artist:6wPhSqRtPu1UhRCDX5yaDJ'}"
7,"{'external_urls': {'spotify': 'https://open.spotify.com/artist/1Y8cdNmUJH7yBTd9yOvr5i'}, 'followers': {'href': None, 'total': 6801797}, 'genres': ['dance pop', 'girl group', 'pop', 'r&b', 'urban contemporary'], 'href': 'https://api.spotify.com/v1/artists/1Y8cdNmUJH7yBTd9yOvr5i', 'id': '1Y8cdNmUJH7yBTd9yOvr5i', 'images': [{'height': 640, 'url': 'https://i.scdn.co/image/ab6761610000e5ebf75e64532704bd6acf0b4e76', 'width': 640}, {'height': 320, 'url': 'https://i.scdn.co/image/ab67616100005174f75e64532704bd6acf0b4e76', 'width': 320}, {'height': 160, 'url': 'https://i.scdn.co/image/ab6761610000f178f75e64532704bd6acf0b4e76', 'width': 160}], 'name': ""Destiny's Child"", 'popularity': 68, 'type': 'artist', 'uri': 'spotify:artist:1Y8cdNmUJH7yBTd9yOvr5i'}"
8,"{'external_urls': {'spotify': 'https://open.spotify.com/artist/1G9G7WwrXka3Z1r7aIDjI7'}, 'followers': {'href': None, 'total': 2408613}, 'genres': ['atl hip hop', 'dirty south rap', 'hip hop', 'old school atlanta hip hop', 'rap', 'southern hip hop'], 'href': 'https://api.spotify.com/v1/artists/1G9G7WwrXka3Z1r7aIDjI7', 'id': '1G9G7WwrXka3Z1r7aIDjI7', 'images': [{'height': 640, 'url': 'https://i.scdn.co/image/ab6761610000e5eb0cb3f95b9f8f7337e135a925', 'width': 640}, {'height': 320, 'url': 'https://i.scdn.co/image/ab676161000051740cb3f95b9f8f7337e135a925', 'width': 320}, {'height': 160, 'url': 'https://i.scdn.co/image/ab6761610000f1780cb3f95b9f8f7337e135a925', 'width': 160}], 'name': 'Outkast', 'popularity': 72, 'type': 'artist', 'uri': 'spotify:artist:1G9G7WwrXka3Z1r7aIDjI7'}"
9,"{'external_urls': {'spotify': 'https://open.spotify.com/artist/2jw70GZXlAI8QzWeY2bgRc'}, 'followers': {'href': None, 'total': 3626743}, 'genres': ['canadian latin', 'canadian pop', 'dance pop', 'pop'], 'href': 'https://api.spotify.com/v1/artists/2jw70GZXlAI8QzWeY2bgRc', 'id': '2jw70GZXlAI8QzWeY2bgRc', 'images': [{'height': 640, 'url': 'https://i.scdn.co/image/ab6761610000e5eb4cf746b3348b3b0111056c11', 'width': 640}, {'height': 320, 'url': 'https://i.scdn.co/image/ab676161000051744cf746b3348b3b0111056c11', 'width': 320}, {'height': 160, 'url': 'https://i.scdn.co/image/ab6761610000f1784cf746b3348b3b0111056c11', 'width': 160}], 'name': 'Nelly Furtado', 'popularity': 74, 'type': 'artist', 'uri': 'spotify:artist:2jw70GZXlAI8QzWeY2bgRc'}"
10,"{'external_urls': {'spotify': 'https://open.spotify.com/artist/2Hjj68yyUPiC0HKEOigcEp'}, 'followers': {'href': None, 'total': 1002331}, 'genres': ['dance pop', 'pop', 'post-teen pop'], 'href': 'https://api.spotify.com/v1/artists/2Hjj68yyUPiC0HKEOigcEp', 'id': '2Hjj68yyUPiC0HKEOigcEp', 'images': [{'height': 640, 'url': 'https://i.scdn.co/image/ab6761610000e5eb38b04c707b49cff53ed32375', 'width': 640}, {'height': 320, 'url': 'https://i.scdn.co/image/ab6761610000517438b04c707b49cff53ed32375', 'width': 320}, {'height': 160, 'url': 'https://i.scdn.co/image/ab6761610000f17838b04c707b49cff53ed32375', 'width': 160}], 'name': 'Jesse McCartney', 'popularity': 55, 'type': 'artist', 'uri': 'spotify:artist:2Hjj68yyUPiC0HKEOigcEp'}"
11,"{'external_urls': {'spotify': 'https://open.spotify.com/artist/27FGXRNruFoOdf1vP8dqcH'}, 'followers': {'href': None, 'total': 1521180}, 'genres': ['dance pop', 'hip pop', 'pop rap', 'r&b', 'urban contemporary'], 'href': 'https://api.spotify.com/v1/artists/27FGXRNruFoOdf1vP8dqcH', 'id': '27FGXRNruFoOdf1vP8dqcH', 'images': [{'height': 640, 'url': 'https://i.scdn.co/image/ab6761610000e5eb9592a41ec193fd20c5372ed3', 'width': 640}, {'height': 320, 'url': 'https://i.scdn.co/image/ab676161000051749592a41ec193fd20c5372ed3', 'width': 320}, {'height': 160, 'url': 'https://i.scdn.co/image/ab6761610000f1789592a41ec193fd20c5372ed3', 'width': 160}], 'name': 'Cassie', 'popularity': 61, 'type': 'artist', 'uri': 'spotify:artist:27FGXRNruFoOdf1vP8dqcH'}"
12,"{'external_urls': {'spotify': 'https://open.spotify.com/artist/0f5nVCcR06GX8Qikz0COtT'}, 'followers': {'href': None, 'total': 2836220}, 'genres': ['dance pop', 'hip pop', 'r&b', 'rap', 'southern hip hop', 'trap', 'urban contemporary'], 'href': 'https://api.spotify.com/v1/artists/0f5nVCcR06GX8Qikz0COtT', 'id': '0f5nVCcR06GX8Qikz0COtT', 'images': [{'height': 640, 'url': 'https://i.scdn.co/image/ab6761610000e5eba1d9a8542f3f7af1563a5185', 'width': 640}, {'height': 320, 'url': 'https://i.scdn.co/image/ab67616100005174a1d9a8542f3f7af1563a5185', 'width': 320}, {'height': 160, 'url': 'https://i.scdn.co/image/ab6761610000f178a1d9a8542f3f7af1563a5185', 'width': 160}], 'name': 'Omarion', 'popularity': 59, 'type': 'artist', 'uri': 'spotify:artist:0f5nVCcR06GX8Qikz0COtT'}"
13,"{'external_urls': {'spotify': 'https://open.spotify.com/artist/0p4nmQO2msCgU4IF37Wi3j'}, 'followers': {'href': None, 'total': 10451654}, 'genres': ['canadian pop', 'candy pop', 'dance pop', 'pop'], 'href': 'https://api.spotify.com/v1/artists/0p4nmQO2msCgU4IF37Wi3j', 'id': '0p4nmQO2msCgU4IF37Wi3j', 'images': [{'height': 640, 'url': 'https://i.scdn.co/image/ab6761610000e5eb581efa688945cbb092df1726', 'width': 640}, {'height': 320, 'url': 'https://i.scdn.co/image/ab67616100005174581efa688945cbb092df1726', 'width': 320}, {'height': 160, 'url': 'https://i.scdn.co/image/ab6761610000f178581efa688945cbb092df1726', 'width': 160}], 'name': 'Avril Lavigne', 'popularity': 72, 'type': 'artist', 'uri': 'spotify:artist:0p4nmQO2msCgU4IF37Wi3j'}"
14,"{'external_urls': {'spotify': 'https://open.spotify.com/artist/7bXgB6jMjp9ATFy66eO08Z'}, 'followers': {'href': None, 'total': 20798571}, 'genres': ['pop rap', 'r&b', 'rap'], 'href': 'https://api.spotify.com/v1/artists/7bXgB6jMjp9ATFy66eO08Z', 'id': '7bXgB6jMjp9ATFy66eO08Z', 'images': [{'height': 640, 'url': 'https://i.scdn.co/image/ab6761610000e5eba48397e590a1c70e2cda7728', 'width': 640}, {'height': 320, 'url': 'https://i.scdn.co/image/ab67616100005174a48397e590a1c70e2cda7728', 'width': 320}, {'height': 160, 'url': 'https://i.scdn.co/image/ab6761610000f178a48397e590a1c70e2cda7728', 'width': 160}], 'name': 'Chris Brown', 'popularity': 84, 'type': 'artist', 'uri': 'spotify:artist:7bXgB6jMjp9ATFy66eO08Z'}"
15,"{'external_urls': {'spotify': 'https://open.spotify.com/artist/4TKTii6gnOnUXQHyuo9JaD'}, 'followers': {'href': None, 'total': 1083235}, 'genres': ['lilith', 'new wave pop', 'permanent wave', 'pop rock', 'singer-songwriter'], 'href': 'https://api.spotify.com/v1/artists/4TKTii6gnOnUXQHyuo9JaD', 'id': '4TKTii6gnOnUXQHyuo9JaD', 'images': [{'height': 640, 'url': 'https://i.scdn.co/image/ab6761610000e5eb962c94da847bcc4ef21c4ad9', 'width': 640}, {'height': 320, 'url': 'https://i.scdn.co/image/ab67616100005174962c94da847bcc4ef21c4ad9', 'width': 320}, {'height': 160, 'url': 'https://i.scdn.co/image/ab6761610000f178962c94da847bcc4ef21c4ad9', 'width': 160}], 'name': 'Sheryl Crow', 'popularity': 64, 'type': 'artist', 'uri': 'spotify:artist:4TKTii6gnOnUXQHyuo9JaD'}"
16,"{'external_urls': {'spotify': 'https://open.spotify.com/artist/1yxSLGMDHlW21z4YXirZDS'}, 'followers': {'href': None, 'total': 7803527}, 'genres': ['dance pop', 'pop', 'pop rap'], 'href': 'https://api.spotify.com/v1/artists/1yxSLGMDHlW21z4YXirZDS', 'id': '1yxSLGMDHlW21z4YXirZDS', 'images': [{'height': 640, 'url': 'https://i.scdn.co/image/ab6761610000e5ebabab30b094128cf4c0f2cef1', 'width': 640}, {'height': 320, 'url': 'https://i.scdn.co/image/ab67616100005174abab30b094128cf4c0f2cef1', 'width': 320}, {'height': 160, 'url': 'https://i.scdn.co/image/ab6761610000f178abab30b094128cf4c0f2cef1', 'width': 160}], 'name': 'Black Eyed Peas', 'popularity': 77, 'type': 'artist', 'uri': 'spotify:artist:1yxSLGMDHlW21z4YXirZDS'}"
17,"{'external_urls': {'spotify': 'https://open.spotify.com/artist/5ND0mGcL9SKSjWIjPd0xIb'}, 'followers': {'href': None, 'total': 1095340}, 'genres': ['neon pop punk', 'pop punk', 'pop rock', 'texas pop punk'], 'href': 'https://api.spotify.com/v1/artists/5ND0mGcL9SKSjWIjPd0xIb', 'id': '5ND0mGcL9SKSjWIjPd0xIb', 'images': [{'height': 640, 'url': 'https://i.scdn.co/image/ab6761610000e5eb431720ffc823f2babce011f9', 'width': 640}, {'height': 320, 'url': 'https://i.scdn.co/image/ab67616100005174431720ffc823f2babce011f9', 'width': 320}, {'height': 160, 'url': 'https://i.scdn.co/image/ab6761610000f178431720ffc823f2babce011f9', 'width': 160}], 'name': 'Bowling For Soup', 'popularity': 58, 'type': 'artist', 'uri': 'spotify:artist:5ND0mGcL9SKSjWIjPd0xIb'}"
18,"{'external_urls': {'spotify': 'https://open.spotify.com/artist/01lz5VBfkMFDteSA9pKJuP'}, 'followers': {'href': None, 'total': 237648}, 'genres': ['boy band', 'neon pop punk', 'pixie', 'pop punk'], 'href': 'https://api.spotify.com/v1/artists/01lz5VBfkMFDteSA9pKJuP', 'id': '01lz5VBfkMFDteSA9pKJuP', 'images': [{'height': 402, 'url': 'https://i.scdn.co/image/91a8ed07a93bda12047370631501e8138a56ba79', 'width': 500}, {'height': 161, 'url': 'https://i.scdn.co/image/94b947cd16c706cc0b9cf671eabb48fc874f0032', 'width': 200}, {'height': 51, 'url': 'https://i.scdn.co/image/198e4fe7c7aadbc612ca55da43ca342652f162c3', 'width': 63}], 'name': 'The Click Five', 'popularity': 45, 'type': 'artist', 'uri': 'spotify:artist:01lz5VBfkMFDteSA9pKJuP'}"
19,"{'external_urls': {'spotify': 'https://open.spotify.com/artist/7gOdHgIoIKoe4i9Tta6qdD'}, 'followers': {'href': None, 'total': 7301276}, 'genres': ['boy band', 'pop'], 'href': 'https://api.spotify.com/v1/artists/7gOdHgIoIKoe4i9Tta6qdD', 'id': '7gOdHgIoIKoe4i9Tta6qdD', 'images': [{'height': 640, 'url': 'https://i.scdn.co/image/ab6761610000e5ebab4364d80728df548a4f7d77', 'width': 640}, {'height': 320, 'url': 'https://i.scdn.co/image/ab67616100005174ab4364d80728df548a4f7d77', 'width': 320}, {'height': 160, 'url': 'https://i.scdn.co/image/ab6761610000f178ab4364d80728df548a4f7d77', 'width': 160}], 'name': 'Jonas Brothers', 'popularity': 74, 'type': 'artist', 'uri': 'spotify:artist:7gOdHgIoIKoe4i9Tta6qdD'}"
20,"{'external_urls': {'spotify': 'https://open.spotify.com/artist/5qK5bOC6wLtuLhG5KvU17c'}, 'followers': {'href': None, 'total': 83732}, 'genres': ['hip pop', 'trap queen'], 'href': 'https://api.spotify.com/v1/artists/5qK5bOC6wLtuLhG5KvU17c', 'id': '5qK5bOC6wLtuLhG5KvU17c', 'images': [{'height': 640, 'url': 'https://i.scdn.co/image/ab6761610000e5ebb5480bacf7da47dd37e1b4f7', 'width': 640}, {'height': 320, 'url': 'https://i.scdn.co/image/ab67616100005174b5480bacf7da47dd37e1b4f7', 'width': 320}, {'height': 160, 'url': 'https://i.scdn.co/image/ab6761610000f178b5480bacf7da47dd37e1b4f7', 'width': 160}], 'name': 'Lil Mama', 'popularity': 45, 'type': 'artist', 'uri': 'spotify:artist:5qK5bOC6wLtuLhG5KvU17c'}"
21,"{'external_urls': {'spotify': 'https://open.spotify.com/artist/0N0d3kjwdY2h7UVuTdJGfp'}, 'followers': {'href': None, 'total': 500384}, 'genres': ['eurodance', 'europop', 'german techno', 'melbourne bounce international'], 'href': 'https://api.spotify.com/v1/artists/0N0d3kjwdY2h7UVuTdJGfp', 'id': '0N0d3kjwdY2h7UVuTdJGfp', 'images': [{'height': 640, 'url': 'https://i.scdn.co/image/ab6761610000e5eba753dbba29da937cc0f4224b', 'width': 640}, {'height': 320, 'url': 'https://i.scdn.co/image/ab67616100005174a753dbba29da937cc0f4224b', 'width': 320}, {'height': 160, 'url': 'https://i.scdn.co/image/ab6761610000f178a753dbba29da937cc0f4224b', 'width': 160}], 'name': 'Cascada', 'popularity': 62, 'type': 'artist', 'uri': 'spotify:artist:0N0d3kjwdY2h7UVuTdJGfp'}"
22,"{'external_urls': {'spotify': 'https://open.spotify.com/artist/07YZf4WDAMNwqr4jfgOZ8y'}, 'followers': {'href': None, 'total': 11960486}, 'genres': ['dance pop', 'pop'], 'href': 'https://api.spotify.com/v1/artists/07YZf4WDAMNwqr4jfgOZ8y', 'id': '07YZf4WDAMNwqr4jfgOZ8y', 'images': [{'height': 640, 'url': 'https://i.scdn.co/image/ab6761610000e5eb2ca27dcc7f92e9576126bb18', 'width': 640}, {'height': 320, 'url': 'https://i.scdn.co/image/ab676161000051742ca27dcc7f92e9576126bb18', 'width': 320}, {'height': 160, 'url': 'https://i.scdn.co/image/ab6761610000f1782ca27dcc7f92e9576126bb18', 'width': 160}], 'name': 'Jason Derulo', 'popularity': 76, 'type': 'artist', 'uri': 'spotify:artist:07YZf4WDAMNwqr4jfgOZ8y'}"
23,"{'external_urls': {'spotify': 'https://open.spotify.com/artist/21E3waRsmPlU7jZsS13rcj'}, 'followers': {'href': None, 'total': 8401420}, 'genres': ['dance pop', 'pop', 'r&b', 'urban contemporary'], 'href': 'https://api.spotify.com/v1/artists/21E3waRsmPlU7jZsS13rcj', 'id': '21E3waRsmPlU7jZsS13rcj', 'images': [{'height': 640, 'url': 'https://i.scdn.co/image/ab6761610000e5ebca118e3822061f7b7f6bc537', 'width': 640}, {'height': 320, 'url': 'https://i.scdn.co/image/ab67616100005174ca118e3822061f7b7f6bc537', 'width': 320}, {'height': 160, 'url': 'https://i.scdn.co/image/ab6761610000f178ca118e3822061f7b7f6bc537', 'width': 160}], 'name': 'Ne-Yo', 'popularity': 76, 'type': 'artist', 'uri': 'spotify:artist:21E3waRsmPlU7jZsS13rcj'}"
24,"{'external_urls': {'spotify': 'https://open.spotify.com/artist/5YGY8feqx7naU7z4HrwZM6'}, 'followers': {'href': None, 'total': 22619957}, 'genres': ['pop'], 'href': 'https://api.spotify.com/v1/artists/5YGY8feqx7naU7z4HrwZM6', 'id': '5YGY8feqx7naU7z4HrwZM6', 'images': [{'height': 640, 'url': 'https://i.scdn.co/image/ab6761610000e5ebb5af3b38f053486ab0784dee', 'width': 640}, {'height': 320, 'url': 'https://i.scdn.co/image/ab67616100005174b5af3b38f053486ab0784dee', 'width': 320}, {'height': 160, 'url': 'https://i.scdn.co/image/ab6761610000f178b5af3b38f053486ab0784dee', 'width': 160}], 'name': 'Miley Cyrus', 'popularity': 82, 'type': 'artist', 'uri': 'spotify:artist:5YGY8feqx7naU7z4HrwZM6'}"
25,"{'external_urls': {'spotify': 'https://open.spotify.com/artist/0vWCyXMrrvMlCcepuOJaGI'}, 'followers': {'href': None, 'total': 1190527}, 'genres': ['neon pop punk', 'pop punk'], 'href': 'https://api.spotify.com/v1/artists/0vWCyXMrrvMlCcepuOJaGI', 'id': '0vWCyXMrrvMlCcepuOJaGI', 'images': [{'height': 640, 'url': 'https://i.scdn.co/image/ab6761610000e5eb422c3ff21d54d8660387285f', 'width': 640}, {'height': 320, 'url': 'https://i.scdn.co/image/ab67616100005174422c3ff21d54d8660387285f', 'width': 320}, {'height': 160, 'url': 'https://i.scdn.co/image/ab6761610000f178422c3ff21d54d8660387285f', 'width': 160}], 'name': 'BOYS LIKE GIRLS', 'popularity': 58, 'type': 'artist', 'uri': 'spotify:artist:0vWCyXMrrvMlCcepuOJaGI'}"
26,"{'external_urls': {'spotify': 'https://open.spotify.com/artist/5tKXB9uuebKE34yowVaU3C'}, 'followers': {'href': None, 'total': 921007}, 'genres': ['dance pop', 'pop rap', 'post-teen pop'], 'href': 'https://api.spotify.com/v1/artists/5tKXB9uuebKE34yowVaU3C', 'id': '5tKXB9uuebKE34yowVaU3C', 'images': [{'height': 667, 'url': 'https://i.scdn.co/image/07be68a6b678e0307e38303186ddbc6816f250af', 'width': 1000}, {'height': 427, 'url': 'https://i.scdn.co/image/e5611d678c61f484cdeb18eee0d3c2674729dd1a', 'width': 640}, {'height': 133, 'url': 'https://i.scdn.co/image/eb2ecea21aa3eef2165103326233bfbc477b0e1c', 'width': 200}, {'height': 43, 'url': 'https://i.scdn.co/image/2ff1e40b89fc9a9468a34a1cab8f57974f731edb', 'width': 64}], 'name': 'Iyaz', 'popularity': 62, 'type': 'artist', 'uri': 'spotify:artist:5tKXB9uuebKE34yowVaU3C'}"
27,"{'external_urls': {'spotify': 'https://open.spotify.com/artist/6LqNN22kT3074XbTVUrhzX'}, 'followers': {'href': None, 'total': 7687538}, 'genres': ['dance pop', 'pop'], 'href': 'https://api.spotify.com/v1/artists/6LqNN22kT3074XbTVUrhzX', 'id': '6LqNN22kT3074XbTVUrhzX', 'images': [{'height': 640, 'url': 'https://i.scdn.co/image/ab6761610000e5eb8e32655d5ee8021c812b0f74', 'width': 640}, {'height': 320, 'url': 'https://i.scdn.co/image/ab676161000051748e32655d5ee8021c812b0f74', 'width': 320}, {'height': 160, 'url': 'https://i.scdn.co/image/ab6761610000f1788e32655d5ee8021c812b0f74', 'width': 160}], 'name': 'Kesha', 'popularity': 73, 'type': 'artist', 'uri': 'spotify:artist:6LqNN22kT3074XbTVUrhzX'}"
28,"{'external_urls': {'spotify': 'https://open.spotify.com/artist/1uNFoZAHBGtllmzznpCI3s'}, 'followers': {'href': None, 'total': 74609186}, 'genres': ['canadian pop', 'pop'], 'href': 'https://api.spotify.com/v1/artists/1uNFoZAHBGtllmzznpCI3s', 'id': '1uNFoZAHBGtllmzznpCI3s', 'images': [{'height': 640, 'url': 'https://i.scdn.co/image/ab6761610000e5eb8ae7f2aaa9817a704a87ea36', 'width': 640}, {'height': 320, 'url': 'https://i.scdn.co/image/ab676161000051748ae7f2aaa9817a704a87ea36', 'width': 320}, {'height': 160, 'url': 'https://i.scdn.co/image/ab6761610000f1788ae7f2aaa9817a704a87ea36', 'width': 160}], 'name': 'Justin Bieber', 'popularity': 86, 'type': 'artist', 'uri': 'spotify:artist:1uNFoZAHBGtllmzznpCI3s'}"
29,"{'external_urls': {'spotify': 'https://open.spotify.com/artist/0QJIPDAEDILuo8AIq3pMuU'}, 'followers': {'href': None, 'total': 1275501}, 'genres': ['escape room', 'indietronica', 'neo-synthpop', 'new rave'], 'href': 'https://api.spotify.com/v1/artists/0QJIPDAEDILuo8AIq3pMuU', 'id': '0QJIPDAEDILuo8AIq3pMuU', 'images': [{'height': 640, 'url': 'https://i.scdn.co/image/ab6761610000e5ebd75b03e7f83d62dcd55617ca', 'width': 640}, {'height': 320, 'url': 'https://i.scdn.co/image/ab67616100005174d75b03e7f83d62dcd55617ca', 'width': 320}, {'height': 160, 'url': 'https://i.scdn.co/image/ab6761610000f178d75b03e7f83d62dcd55617ca', 'width': 160}], 'name': 'M.I.A.', 'popularity': 65, 'type': 'artist', 'uri': 'spotify:artist:0QJIPDAEDILuo8AIq3pMuU'}"
30,"{'external_urls': {'spotify': 'https://open.spotify.com/artist/0C0XlULifJtAgn6ZNCW2eu'}, 'followers': {'href': None, 'total': 7153810}, 'genres': ['alternative rock', 'dance rock', 'modern rock', 'permanent wave', 'rock'], 'href': 'https://api.spotify.com/v1/artists/0C0XlULifJtAgn6ZNCW2eu', 'id': '0C0XlULifJtAgn6ZNCW2eu', 'images': [{'height': 640, 'url': 'https://i.scdn.co/image/ab6761610000e5eb207b21f3ed0ee96adce3166a', 'width': 640}, {'height': 320, 'url': 'https://i.scdn.co/image/ab67616100005174207b21f3ed0ee96adce3166a', 'width': 320}, {'height': 160, 'url': 'https://i.scdn.co/image/ab6761610000f178207b21f3ed0ee96adce3166a', 'width': 160}], 'name': 'The Killers', 'popularity': 74, 'type': 'artist', 'uri': 'spotify:artist:0C0XlULifJtAgn6ZNCW2eu'}"
31,"{'external_urls': {'spotify': 'https://open.spotify.com/artist/6FBDaR13swtiWwGhX1WQsP'}, 'followers': {'href': None, 'total': 7909593}, 'genres': ['alternative metal', 'modern rock', 'pop punk', 'punk', 'rock', 'socal pop punk'], 'href': 'https://api.spotify.com/v1/artists/6FBDaR13swtiWwGhX1WQsP', 'id': '6FBDaR13swtiWwGhX1WQsP', 'images': [{'height': 640, 'url': 'https://i.scdn.co/image/ab6761610000e5eb5da36f8b98dd965336a1507a', 'width': 640}, {'height': 320, 'url': 'https://i.scdn.co/image/ab676161000051745da36f8b98dd965336a1507a', 'width': 320}, {'height': 160, 'url': 'https://i.scdn.co/image/ab6761610000f1785da36f8b98dd965336a1507a', 'width': 160}], 'name': 'blink-182', 'popularity': 78, 'type': 'artist', 'uri': 'spotify:artist:6FBDaR13swtiWwGhX1WQsP'}"
32,"{'external_urls': {'spotify': 'https://open.spotify.com/artist/3vAaWhdBR38Q02ohXqaNHT'}, 'followers': {'href': None, 'total': 2572844}, 'genres': ['alternative metal', 'modern rock', 'neo mellow', 'neon pop punk', 'pop punk', 'pop rock', 'post-grunge'], 'href': 'https://api.spotify.com/v1/artists/3vAaWhdBR38Q02ohXqaNHT', 'id': '3vAaWhdBR38Q02ohXqaNHT', 'images': [{'height': 640, 'url': 'https://i.scdn.co/image/ab6761610000e5ebb57332e3fc2b97bb33577e65', 'width': 640}, {'height': 320, 'url': 'https://i.scdn.co/image/ab67616100005174b57332e3fc2b97bb33577e65', 'width': 320}, {'height': 160, 'url': 'https://i.scdn.co/image/ab6761610000f178b57332e3fc2b97bb33577e65', 'width': 160}], 'name': 'The All-American Rejects', 'popularity': 64, 'type': 'artist', 'uri': 'spotify:artist:3vAaWhdBR38Q02ohXqaNHT'}"
33,"{'external_urls': {'spotify': 'https://open.spotify.com/artist/5ILrArfIV0tMURcHJN8Q07'}, 'followers': {'href': None, 'total': 608944}, 'genres': ['lilith', 'neo mellow', 'piano rock', 'pop rock', 'post-teen pop'], 'href': 'https://api.spotify.com/v1/artists/5ILrArfIV0tMURcHJN8Q07', 'id': '5ILrArfIV0tMURcHJN8Q07', 'images': [{'height': 640, 'url': 'https://i.scdn.co/image/ab6761610000e5eb9a9873aca07694682036f5b7', 'width': 640}, {'height': 320, 'url': 'https://i.scdn.co/image/ab676161000051749a9873aca07694682036f5b7', 'width': 320}, {'height': 160, 'url': 'https://i.scdn.co/image/ab6761610000f1789a9873aca07694682036f5b7', 'width': 160}], 'name': 'Vanessa Carlton', 'popularity': 60, 'type': 'artist', 'uri': 'spotify:artist:5ILrArfIV0tMURcHJN8Q07'}"
34,"{'external_urls': {'spotify': 'https://open.spotify.com/artist/7vWBZm3sQ8yQvfV4nXxHXK'}, 'followers': {'href': None, 'total': 68507}, 'genres': [], 'href': 'https://api.spotify.com/v1/artists/7vWBZm3sQ8yQvfV4nXxHXK', 'id': '7vWBZm3sQ8yQvfV4nXxHXK', 'images': [{'height': 640, 'url': 'https://i.scdn.co/image/ab6761610000e5eb4cd1db38841259de04a748d1', 'width': 640}, {'height': 320, 'url': 'https://i.scdn.co/image/ab676161000051744cd1db38841259de04a748d1', 'width': 320}, {'height': 160, 'url': 'https://i.scdn.co/image/ab6761610000f1784cd1db38841259de04a748d1', 'width': 160}], 'name': 'Cris Cab', 'popularity': 39, 'type': 'artist', 'uri': 'spotify:artist:7vWBZm3sQ8yQvfV4nXxHXK'}"
35,"{'external_urls': {'spotify': 'https://open.spotify.com/artist/6S2OmqARrzebs0tKUEyXyp'}, 'followers': {'href': None, 'total': 26313130}, 'genres': ['pop', 'post-teen pop'], 'href': 'https://api.spotify.com/v1/artists/6S2OmqARrzebs0tKUEyXyp', 'id': '6S2OmqARrzebs0tKUEyXyp', 'images': [{'height': 640, 'url': 'https://i.scdn.co/image/ab6761610000e5ebcf674ecb51186e6408cd18c0', 'width': 640}, {'height': 320, 'url': 'https://i.scdn.co/image/ab67616100005174cf674ecb51186e6408cd18c0', 'width': 320}, {'height': 160, 'url': 'https://i.scdn.co/image/ab6761610000f178cf674ecb51186e6408cd18c0', 'width': 160}], 'name': 'Demi Lovato', 'popularity': 76, 'type': 'artist', 'uri': 'spotify:artist:6S2OmqARrzebs0tKUEyXyp'}"
36,"{'external_urls': {'spotify': 'https://open.spotify.com/artist/3ao3jf5d70Tf4fPh2bnXVl'}, 'followers': {'href': None, 'total': 1285395}, 'genres': ['neon pop punk', 'piano rock', 'pop punk'], 'href': 'https://api.spotify.com/v1/artists/3ao3jf5d70Tf4fPh2bnXVl', 'id': '3ao3jf5d70Tf4fPh2bnXVl', 'images': [{'height': 640, 'url': 'https://i.scdn.co/image/ab6761610000e5eb5769c8fcb7cb9e65c7eb6b72', 'width': 640}, {'height': 320, 'url': 'https://i.scdn.co/image/ab676161000051745769c8fcb7cb9e65c7eb6b72', 'width': 320}, {'height': 160, 'url': 'https://i.scdn.co/image/ab6761610000f1785769c8fcb7cb9e65c7eb6b72', 'width': 160}], 'name': 'We The Kings', 'popularity': 55, 'type': 'artist', 'uri': 'spotify:artist:3ao3jf5d70Tf4fPh2bnXVl'}"
37,"{'external_urls': {'spotify': 'https://open.spotify.com/artist/26bcq2nyj5GB7uRr558iQg'}, 'followers': {'href': None, 'total': 1046816}, 'genres': ['album rock', 'glam metal', 'hard rock', 'soft rock'], 'href': 'https://api.spotify.com/v1/artists/26bcq2nyj5GB7uRr558iQg', 'id': '26bcq2nyj5GB7uRr558iQg', 'images': [{'height': 647, 'url': 'https://i.scdn.co/image/da30acd2c9d0f32f5f5a2d69f32c2d30335466b5', 'width': 1000}, {'height': 414, 'url': 'https://i.scdn.co/image/4b664fd84812a6275249447cae61ca048721c52d', 'width': 640}, {'height': 129, 'url': 'https://i.scdn.co/image/7b6f21db11d15febd6e8079f0f2b147ccac427b4', 'width': 199}, {'height': 41, 'url': 'https://i.scdn.co/image/b138642e8356c9b946e82cfc79d0b047fa886a02', 'width': 63}], 'name': 'Survivor', 'popularity': 64, 'type': 'artist', 'uri': 'spotify:artist:26bcq2nyj5GB7uRr558iQg'}"
38,"{'external_urls': {'spotify': 'https://open.spotify.com/artist/7zdmbPudNX4SQJXnYIuCTC'}, 'followers': {'href': None, 'total': 31500}, 'genres': ['scorecore'], 'href': 'https://api.spotify.com/v1/artists/7zdmbPudNX4SQJXnYIuCTC', 'id': '7zdmbPudNX4SQJXnYIuCTC', 'images': [{'height': 640, 'url': 'https://i.scdn.co/image/ab6761610000e5eb58048ddf4c95013d8fc2fdc0', 'width': 640}, {'height': 320, 'url': 'https://i.scdn.co/image/ab6761610000517458048ddf4c95013d8fc2fdc0', 'width': 320}, {'height': 160, 'url': 'https://i.scdn.co/image/ab6761610000f17858048ddf4c95013d8fc2fdc0', 'width': 160}], 'name': 'Daniel Tidwell', 'popularity': 36, 'type': 'artist', 'uri': 'spotify:artist:7zdmbPudNX4SQJXnYIuCTC'}"
39,"{'external_urls': {'spotify': 'https://open.spotify.com/artist/6BKWwLs98ZY3ifhCDNGvLk'}, 'followers': {'href': None, 'total': 7873}, 'genres': [], 'href': 'https://api.spotify.com/v1/artists/6BKWwLs98ZY3ifhCDNGvLk', 'id': '6BKWwLs98ZY3ifhCDNGvLk', 'images': [{'height': 640, 'url': 'https://i.scdn.co/image/ab6761610000e5ebaee33551a184c3df8d68c6e2', 'width': 640}, {'height': 320, 'url': 'https://i.scdn.co/image/ab67616100005174aee33551a184c3df8d68c6e2', 'width': 320}, {'height': 160, 'url': 'https://i.scdn.co/image/ab6761610000f178aee33551a184c3df8d68c6e2', 'width': 160}], 'name': 'Kaleptik', 'popularity': 29, 'type': 'artist', 'uri': 'spotify:artist:6BKWwLs98ZY3ifhCDNGvLk'}"
40,"{'external_urls': {'spotify': 'https://open.spotify.com/artist/6Gp8BbKAqPO3R0UAYkm8J0'}, 'followers': {'href': None, 'total': 5555}, 'genres': ['british soundtrack'], 'href': 'https://api.spotify.com/v1/artists/6Gp8BbKAqPO3R0UAYkm8J0', 'id': '6Gp8BbKAqPO3R0UAYkm8J0', 'images': [{'height': 640, 'url': 'https://i.scdn.co/image/ab67616d0000b273fc03952239733911cedfc057', 'width': 640}, {'height': 300, 'url': 'https://i.scdn.co/image/ab67616d00001e021c3b06ed95e6b0de0c15a9ce', 'width': 300}, {'height': 64, 'url': 'https://i.scdn.co/image/ab67616d000048511c3b06ed95e6b0de0c15a9ce', 'width': 64}], 'name': 'Ben Foster', 'popularity': 28, 'type': 'artist', 'uri': 'spotify:artist:6Gp8BbKAqPO3R0UAYkm8J0'}"
41,"{'external_urls': {'spotify': 'https://open.spotify.com/artist/3cR4rhS2hBWqI7rJEBacvN'}, 'followers': {'href': None, 'total': 232551}, 'genres': ['broadway', 'show tunes', 'vocal jazz'], 'href': 'https://api.spotify.com/v1/artists/3cR4rhS2hBWqI7rJEBacvN', 'id': '3cR4rhS2hBWqI7rJEBacvN', 'images': [{'height': 640, 'url': 'https://i.scdn.co/image/ab6761610000e5eb446b2d505542a9424dfdfb16', 'width': 640}, {'height': 320, 'url': 'https://i.scdn.co/image/ab67616100005174446b2d505542a9424dfdfb16', 'width': 320}, {'height': 160, 'url': 'https://i.scdn.co/image/ab6761610000f178446b2d505542a9424dfdfb16', 'width': 160}], 'name': 'Leslie Odom Jr.', 'popularity': 68, 'type': 'artist', 'uri': 'spotify:artist:3cR4rhS2hBWqI7rJEBacvN'}"
42,"{'external_urls': {'spotify': 'https://open.spotify.com/artist/6sLwRSXSUF5JTUnQaFenyj'}, 'followers': {'href': None, 'total': 42660}, 'genres': ['broadway', 'movie tunes', 'show tunes'], 'href': 'https://api.spotify.com/v1/artists/6sLwRSXSUF5JTUnQaFenyj', 'id': '6sLwRSXSUF5JTUnQaFenyj', 'images': [{'height': 640, 'url': 'https://i.scdn.co/image/ab6761610000e5eb94de3b464a999a50d4611220', 'width': 640}, {'height': 320, 'url': 'https://i.scdn.co/image/ab6761610000517494de3b464a999a50d4611220', 'width': 320}, {'height': 160, 'url': 'https://i.scdn.co/image/ab6761610000f17894de3b464a999a50d4611220', 'width': 160}], 'name': 'Christopher Jackson', 'popularity': 63, 'type': 'artist', 'uri': 'spotify:artist:6sLwRSXSUF5JTUnQaFenyj'}"
43,"{'external_urls': {'spotify': 'https://open.spotify.com/artist/4aXXDj9aZnlshx7mzj3W1N'}, 'followers': {'href': None, 'total': 592165}, 'genres': ['broadway', 'show tunes'], 'href': 'https://api.spotify.com/v1/artists/4aXXDj9aZnlshx7mzj3W1N', 'id': '4aXXDj9aZnlshx7mzj3W1N', 'images': [{'height': 1000, 'url': 'https://i.scdn.co/image/84dc87cca456089fc5cfa2d7593d9d960ca4553f', 'width': 1000}, {'height': 640, 'url': 'https://i.scdn.co/image/d96d04e545d45bab308e6738010fe06d0ba61aac', 'width': 640}, {'height': 200, 'url': 'https://i.scdn.co/image/f1eabec743f61a0a6197426e4114a0baec6f84a0', 'width': 200}, {'height': 64, 'url': 'https://i.scdn.co/image/9a2842c6035165a615b50c8aed217b58699f174d', 'width': 64}], 'name': 'Lin-Manuel Miranda', 'popularity': 70, 'type': 'artist', 'uri': 'spotify:artist:4aXXDj9aZnlshx7mzj3W1N'}"
44,"{'external_urls': {'spotify': 'https://open.spotify.com/artist/36QJpDe2go2KgaRleHCDTp'}, 'followers': {'href': None, 'total': 13881054}, 'genres': ['album rock', 'classic rock', 'hard rock', 'rock'], 'href': 'https://api.spotify.com/v1/artists/36QJpDe2go2KgaRleHCDTp', 'id': '36QJpDe2go2KgaRleHCDTp', 'images': [{'height': 600, 'url': 'https://i.scdn.co/image/207803ce008388d3427a685254f9de6a8f61dc2e', 'width': 600}, {'height': 200, 'url': 'https://i.scdn.co/image/b0248a44865493e6a03832aa89854ada16ff07a8', 'width': 200}, {'height': 64, 'url': 'https://i.scdn.co/image/16eb3cdae0d824b520ac17710e943a99d3ef6602', 'width': 64}], 'name': 'Led Zeppelin', 'popularity': 73, 'type': 'artist', 'uri': 'spotify:artist:36QJpDe2go2KgaRleHCDTp'}"
45,"{'external_urls': {'spotify': 'https://open.spotify.com/artist/4e5V1Q2dKCzbLVMQ8qbTn6'}, 'followers': {'href': None, 'total': 1058655}, 'genres': ['alternative rock', 'grunge', 'pop rock', 'post-grunge', 'rock'], 'href': 'https://api.spotify.com/v1/artists/4e5V1Q2dKCzbLVMQ8qbTn6', 'id': '4e5V1Q2dKCzbLVMQ8qbTn6', 'images': [{'height': 640, 'url': 'https://i.scdn.co/image/ab6761610000e5eb8ddc28a083087d2411da04c7', 'width': 640}, {'height': 320, 'url': 'https://i.scdn.co/image/ab676161000051748ddc28a083087d2411da04c7', 'width': 320}, {'height': 160, 'url': 'https://i.scdn.co/image/ab6761610000f1788ddc28a083087d2411da04c7', 'width': 160}], 'name': 'Collective Soul', 'popularity': 57, 'type': 'artist', 'uri': 'spotify:artist:4e5V1Q2dKCzbLVMQ8qbTn6'}"
46,"{'external_urls': {'spotify': 'https://open.spotify.com/artist/2NPduAUeLVsfIauhRwuft1'}, 'followers': {'href': None, 'total': 2083259}, 'genres': ['fantasy metal', 'finnish metal', 'finnish power metal', 'gothic metal', 'gothic symphonic metal', 'opera metal', 'power metal', 'symphonic metal'], 'href': 'https://api.spotify.com/v1/artists/2NPduAUeLVsfIauhRwuft1', 'id': '2NPduAUeLVsfIauhRwuft1', 'images': [{'height': 640, 'url': 'https://i.scdn.co/image/ab6761610000e5eb2ed29d6d48829666efc8f609', 'width': 640}, {'height': 320, 'url': 'https://i.scdn.co/image/ab676161000051742ed29d6d48829666efc8f609', 'width': 320}, {'height': 160, 'url': 'https://i.scdn.co/image/ab6761610000f1782ed29d6d48829666efc8f609', 'width': 160}], 'name': 'Nightwish', 'popularity': 62, 'type': 'artist', 'uri': 'spotify:artist:2NPduAUeLVsfIauhRwuft1'}"
47,"{'external_urls': {'spotify': 'https://open.spotify.com/artist/5GtMEZEeFFsuHY8ad4kOxv'}, 'followers': {'href': None, 'total': 1767023}, 'genres': ['british soul', 'new wave pop'], 'href': 'https://api.spotify.com/v1/artists/5GtMEZEeFFsuHY8ad4kOxv', 'id': '5GtMEZEeFFsuHY8ad4kOxv', 'images': [{'height': 640, 'url': 'https://i.scdn.co/image/ab6761610000e5ebe29f9c69aad50e33fa61805a', 'width': 640}, {'height': 320, 'url': 'https://i.scdn.co/image/ab67616100005174e29f9c69aad50e33fa61805a', 'width': 320}, {'height': 160, 'url': 'https://i.scdn.co/image/ab6761610000f178e29f9c69aad50e33fa61805a', 'width': 160}], 'name': 'Seal', 'popularity': 60, 'type': 'artist', 'uri': 'spotify:artist:5GtMEZEeFFsuHY8ad4kOxv'}"
48,"{'external_urls': {'spotify': 'https://open.spotify.com/artist/22bE4uQ6baNwSHPVcDxLCe'}, 'followers': {'href': None, 'total': 13486998}, 'genres': ['album rock', 'british invasion', 'classic rock', 'rock'], 'href': 'https://api.spotify.com/v1/artists/22bE4uQ6baNwSHPVcDxLCe', 'id': '22bE4uQ6baNwSHPVcDxLCe', 'images': [{'height': 640, 'url': 'https://i.scdn.co/image/ab6761610000e5ebe4cea917b68726aadb4854b8', 'width': 640}, {'height': 320, 'url': 'https://i.scdn.co/image/ab67616100005174e4cea917b68726aadb4854b8', 'width': 320}, {'height': 160, 'url': 'https://i.scdn.co/image/ab6761610000f178e4cea917b68726aadb4854b8', 'width': 160}], 'name': 'The Rolling Stones', 'popularity': 78, 'type': 'artist', 'uri': 'spotify:artist:22bE4uQ6baNwSHPVcDxLCe'}"
49,"{'external_urls': {'spotify': 'https://open.spotify.com/artist/4MVyzYMgTwdP7Z49wAZHx0'}, 'followers': {'href': None, 'total': 4912345}, 'genres': ['album rock', 'classic rock', 'hard rock', 'rock', 'southern rock'], 'href': 'https://api.spotify.com/v1/artists/4MVyzYMgTwdP7Z49wAZHx0', 'id': '4MVyzYMgTwdP7Z49wAZHx0', 'images': [{'height': 640, 'url': 'https://i.scdn.co/image/ab6761610000e5eb451eb07ddc6e68d3e474c2bf', 'width': 640}, {'height': 320, 'url': 'https://i.scdn.co/image/ab67616100005174451eb07ddc6e68d3e474c2bf', 'width': 320}, {'height': 160, 'url': 'https://i.scdn.co/image/ab6761610000f178451eb07ddc6e68d3e474c2bf', 'width': 160}], 'name': 'Lynyrd Skynyrd', 'popularity': 69, 'type': 'artist', 'uri': 'spotify:artist:4MVyzYMgTwdP7Z49wAZHx0'}"
