external_urls,followers,genres,href,raw_artist_uri,images,name,popularity,type,uri
{'spotify': 'https://open.spotify.com/artist/2wIVse2owClT7go1WT98tk'},2336505,"['dance pop', 'hip hop', 'hip pop', 'neo soul', 'pop rap', 'r&b', 'rap', 'urban contemporary', 'virginia hip hop']",https://api.spotify.com/v1/artists/2wIVse2owClT7go1WT98tk,2wIVse2owClT7go1WT98tk,"[{'height': 640, 'url': 'https://i.scdn.co/image/ab6761610000e5ebf6691f40d906f097e9fbaa4c', 'width': 640}, {'height': 320, 'url': 'https://i.scdn.co/image/ab67616100005174f6691f40d906f097e9fbaa4c', 'width': 320}, {'height': 160, 'url': 'https://i.scdn.co/image/ab6761610000f178f6691f40d906f097e9fbaa4c', 'width': 160}]",Missy Elliott,69,artist,spotify:artist:2wIVse2owClT7go1WT98tk
{'spotify': 'https://open.spotify.com/artist/26dSoYclwsYLMAKD3tpOr4'},13212370,"['dance pop', 'pop']",https://api.spotify.com/v1/artists/26dSoYclwsYLMAKD3tpOr4,26dSoYclwsYLMAKD3tpOr4,"[{'height': 640, 'url': 'https://i.scdn.co/image/ab6761610000e5eb3a49b0a3954e460a8a76ed90', 'width': 640}, {'height': 320, 'url': 'https://i.scdn.co/image/ab676161000051743a49b0a3954e460a8a76ed90', 'width': 320}, {'height': 160, 'url': 'https://i.scdn.co/image/ab6761610000f1783a49b0a3954e460a8a76ed90', 'width': 160}]",Britney Spears,78,artist,spotify:artist:26dSoYclwsYLMAKD3tpOr4
{'spotify': 'https://open.spotify.com/artist/6vWDO969PvNqNYHIOW5v0m'},36323248,"['pop', 'r&b']",https://api.spotify.com/v1/artists/6vWDO969PvNqNYHIOW5v0m,6vWDO969PvNqNYHIOW5v0m,"[{'height': 640, 'url': 'https://i.scdn.co/image/ab6761610000e5eb12e3f20d05a8d6cfde988715', 'width': 640}, {'height': 320, 'url': 'https://i.scdn.co/image/ab6761610000517412e3f20d05a8d6cfde988715', 'width': 320}, {'height': 160, 'url': 'https://i.scdn.co/image/ab6761610000f17812e3f20d05a8d6cfde988715', 'width': 160}]",Beyonc√©,82,artist,spotify:artist:6vWDO969PvNqNYHIOW5v0m
{'spotify': 'https://open.spotify.com/artist/31TPClRtHm23RisEBtV3X7'},13443728,"['dance pop', 'pop']",https://api.spotify.com/v1/artists/31TPClRtHm23RisEBtV3X7,31TPClRtHm23RisEBtV3X7,"[{'height': 640, 'url': 'https://i.scdn.co/image/ab6761610000e5eb9d3f9efc8e0030306e583cef', 'width': 640}, {'height': 320, 'url': 'https://i.scdn.co/image/ab676161000051749d3f9efc8e0030306e583cef', 'width': 320}, {'height': 160, 'url': 'https://i.scdn.co/image/ab6761610000f1789d3f9efc8e0030306e583cef', 'width': 160}]",Justin Timberlake,78,artist,spotify:artist:31TPClRtHm23RisEBtV3X7
{'spotify': 'https://open.spotify.com/artist/5EvFsr3kj42KNv97ZEnqij'},2069888,"['pop rap', 'reggae fusion']",https://api.spotify.com/v1/artists/5EvFsr3kj42KNv97ZEnqij,5EvFsr3kj42KNv97ZEnqij,"[{'height': 640, 'url': 'https://i.scdn.co/image/ab6761610000e5eb356dc7e9ba8792cb86a0c50c', 'width': 640}, {'height': 320, 'url': 'https://i.scdn.co/image/ab67616100005174356dc7e9ba8792cb86a0c50c', 'width': 320}, {'height': 160, 'url': 'https://i.scdn.co/image/ab6761610000f178356dc7e9ba8792cb86a0c50c', 'width': 160}]",Shaggy,69,artist,spotify:artist:5EvFsr3kj42KNv97ZEnqij
{'spotify': 'https://open.spotify.com/artist/23zg3TcAtWQy7J6upgbUnj'},10824942,"['atl hip hop', 'contemporary r&b', 'dance pop', 'pop', 'r&b', 'rap', 'south carolina hip hop', 'urban contemporary']",https://api.spotify.com/v1/artists/23zg3TcAtWQy7J6upgbUnj,23zg3TcAtWQy7J6upgbUnj,"[{'height': 640, 'url': 'https://i.scdn.co/image/ab6761610000e5eb84813d8e6a3154717e618140', 'width': 640}, {'height': 320, 'url': 'https://i.scdn.co/image/ab6761610000517484813d8e6a3154717e618140', 'width': 320}, {'height': 160, 'url': 'https://i.scdn.co/image/ab6761610000f17884813d8e6a3154717e618140', 'width': 160}]",USHER,77,artist,spotify:artist:23zg3TcAtWQy7J6upgbUnj
{'spotify': 'https://open.spotify.com/artist/6wPhSqRtPu1UhRCDX5yaDJ'},5538186,"['dance pop', 'girl group', 'pop']",https://api.spotify.com/v1/artists/6wPhSqRtPu1UhRCDX5yaDJ,6wPhSqRtPu1UhRCDX5yaDJ,"[{'height': 640, 'url': 'https://i.scdn.co/image/ab6761610000e5eb292575f7d081016e04dff9ee', 'width': 640}, {'height': 320, 'url': 'https://i.scdn.co/image/ab67616100005174292575f7d081016e04dff9ee', 'width': 320}, {'height': 160, 'url': 'https://i.scdn.co/image/ab6761610000f178292575f7d081016e04dff9ee', 'width': 160}]",The Pussycat Dolls,66,artist,spotify:artist:6wPhSqRtPu1UhRCDX5yaDJ
{'spotify': 'https://open.spotify.com/artist/1Y8cdNmUJH7yBTd9yOvr5i'},6801797,"['dance pop', 'girl group', 'pop', 'r&b', 'urban contemporary']",https://api.spotify.com/v1/artists/1Y8cdNmUJH7yBTd9yOvr5i,1Y8cdNmUJH7yBTd9yOvr5i,"[{'height': 640, 'url': 'https://i.scdn.co/image/ab6761610000e5ebf75e64532704bd6acf0b4e76', 'width': 640}, {'height': 320, 'url': 'https://i.scdn.co/image/ab67616100005174f75e64532704bd6acf0b4e76', 'width': 320}, {'height': 160, 'url': 'https://i.scdn.co/image/ab6761610000f178f75e64532704bd6acf0b4e76', 'width': 160}]",Destiny's Child,68,artist,spotify:artist:1Y8cdNmUJH7yBTd9yOvr5i
{'spotify': 'https://open.spotify.com/artist/1G9G7WwrXka3Z1r7aIDjI7'},2408613,"['atl hip hop', 'dirty south rap', 'hip hop', 'old school atlanta hip hop', 'rap', 'southern hip hop']",https://api.spotify.com/v1/artists/1G9G7WwrXka3Z1r7aIDjI7,1G9G7WwrXka3Z1r7aIDjI7,"[{'height': 640, 'url': 'https://i.scdn.co/image/ab6761610000e5eb0cb3f95b9f8f7337e135a925', 'width': 640}, {'height': 320, 'url': 'https://i.scdn.co/image/ab676161000051740cb3f95b9f8f7337e135a925', 'width': 320}, {'height': 160, 'url': 'https://i.scdn.co/image/ab6761610000f1780cb3f95b9f8f7337e135a925', 'width': 160}]",Outkast,72,artist,spotify:artist:1G9G7WwrXka3Z1r7aIDjI7
{'spotify': 'https://open.spotify.com/artist/2jw70GZXlAI8QzWeY2bgRc'},3626743,"['canadian latin', 'canadian pop', 'dance pop', 'pop']",https://api.spotify.com/v1/artists/2jw70GZXlAI8QzWeY2bgRc,2jw70GZXlAI8QzWeY2bgRc,"[{'height': 640, 'url': 'https://i.scdn.co/image/ab6761610000e5eb4cf746b3348b3b0111056c11', 'width': 640}, {'height': 320, 'url': 'https://i.scdn.co/image/ab676161000051744cf746b3348b3b0111056c11', 'width': 320}, {'height': 160, 'url': 'https://i.scdn.co/image/ab6761610000f1784cf746b3348b3b0111056c11', 'width': 160}]",Nelly Furtado,74,artist,spotify:artist:2jw70GZXlAI8QzWeY2bgRc
{'spotify': 'https://open.spotify.com/artist/2Hjj68yyUPiC0HKEOigcEp'},1002331,"['dance pop', 'pop', 'post-teen pop']",https://api.spotify.com/v1/artists/2Hjj68yyUPiC0HKEOigcEp,2Hjj68yyUPiC0HKEOigcEp,"[{'height': 640, 'url': 'https://i.scdn.co/image/ab6761610000e5eb38b04c707b49cff53ed32375', 'width': 640}, {'height': 320, 'url': 'https://i.scdn.co/image/ab6761610000517438b04c707b49cff53ed32375', 'width': 320}, {'height': 160, 'url': 'https://i.scdn.co/image/ab6761610000f17838b04c707b49cff53ed32375', 'width': 160}]",Jesse McCartney,55,artist,spotify:artist:2Hjj68yyUPiC0HKEOigcEp
{'spotify': 'https://open.spotify.com/artist/27FGXRNruFoOdf1vP8dqcH'},1521180,"['dance pop', 'hip pop', 'pop rap', 'r&b', 'urban contemporary']",https://api.spotify.com/v1/artists/27FGXRNruFoOdf1vP8dqcH,27FGXRNruFoOdf1vP8dqcH,"[{'height': 640, 'url': 'https://i.scdn.co/image/ab6761610000e5eb9592a41ec193fd20c5372ed3', 'width': 640}, {'height': 320, 'url': 'https://i.scdn.co/image/ab676161000051749592a41ec193fd20c5372ed3', 'width': 320}, {'height': 160, 'url': 'https://i.scdn.co/image/ab6761610000f1789592a41ec193fd20c5372ed3', 'width': 160}]",Cassie,61,artist,spotify:artist:27FGXRNruFoOdf1vP8dqcH
{'spotify': 'https://open.spotify.com/artist/0f5nVCcR06GX8Qikz0COtT'},2836220,"['dance pop', 'hip pop', 'r&b', 'rap', 'southern hip hop', 'trap', 'urban contemporary']",https://api.spotify.com/v1/artists/0f5nVCcR06GX8Qikz0COtT,0f5nVCcR06GX8Qikz0COtT,"[{'height': 640, 'url': 'https://i.scdn.co/image/ab6761610000e5eba1d9a8542f3f7af1563a5185', 'width': 640}, {'height': 320, 'url': 'https://i.scdn.co/image/ab67616100005174a1d9a8542f3f7af1563a5185', 'width': 320}, {'height': 160, 'url': 'https://i.scdn.co/image/ab6761610000f178a1d9a8542f3f7af1563a5185', 'width': 160}]",Omarion,59,artist,spotify:artist:0f5nVCcR06GX8Qikz0COtT
{'spotify': 'https://open.spotify.com/artist/0p4nmQO2msCgU4IF37Wi3j'},10451654,"['canadian pop', 'candy pop', 'dance pop', 'pop']",https://api.spotify.com/v1/artists/0p4nmQO2msCgU4IF37Wi3j,0p4nmQO2msCgU4IF37Wi3j,"[{'height': 640, 'url': 'https://i.scdn.co/image/ab6761610000e5eb581efa688945cbb092df1726', 'width': 640}, {'height': 320, 'url': 'https://i.scdn.co/image/ab67616100005174581efa688945cbb092df1726', 'width': 320}, {'height': 160, 'url': 'https://i.scdn.co/image/ab6761610000f178581efa688945cbb092df1726', 'width': 160}]",Avril Lavigne,72,artist,spotify:artist:0p4nmQO2msCgU4IF37Wi3j
{'spotify': 'https://open.spotify.com/artist/7bXgB6jMjp9ATFy66eO08Z'},20798571,"['pop rap', 'r&b', 'rap']",https://api.spotify.com/v1/artists/7bXgB6jMjp9ATFy66eO08Z,7bXgB6jMjp9ATFy66eO08Z,"[{'height': 640, 'url': 'https://i.scdn.co/image/ab6761610000e5eba48397e590a1c70e2cda7728', 'width': 640}, {'height': 320, 'url': 'https://i.scdn.co/image/ab67616100005174a48397e590a1c70e2cda7728', 'width': 320}, {'height': 160, 'url': 'https://i.scdn.co/image/ab6761610000f178a48397e590a1c70e2cda7728', 'width': 160}]",Chris Brown,84,artist,spotify:artist:7bXgB6jMjp9ATFy66eO08Z
{'spotify': 'https://open.spotify.com/artist/4TKTii6gnOnUXQHyuo9JaD'},1083235,"['lilith', 'new wave pop', 'permanent wave', 'pop rock', 'singer-songwriter']",https://api.spotify.com/v1/artists/4TKTii6gnOnUXQHyuo9JaD,4TKTii6gnOnUXQHyuo9JaD,"[{'height': 640, 'url': 'https://i.scdn.co/image/ab6761610000e5eb962c94da847bcc4ef21c4ad9', 'width': 640}, {'height': 320, 'url': 'https://i.scdn.co/image/ab67616100005174962c94da847bcc4ef21c4ad9', 'width': 320}, {'height': 160, 'url': 'https://i.scdn.co/image/ab6761610000f178962c94da847bcc4ef21c4ad9', 'width': 160}]",Sheryl Crow,64,artist,spotify:artist:4TKTii6gnOnUXQHyuo9JaD
{'spotify': 'https://open.spotify.com/artist/1yxSLGMDHlW21z4YXirZDS'},7803527,"['dance pop', 'pop', 'pop rap']",https://api.spotify.com/v1/artists/1yxSLGMDHlW21z4YXirZDS,1yxSLGMDHlW21z4YXirZDS,"[{'height': 640, 'url': 'https://i.scdn.co/image/ab6761610000e5ebabab30b094128cf4c0f2cef1', 'width': 640}, {'height': 320, 'url': 'https://i.scdn.co/image/ab67616100005174abab30b094128cf4c0f2cef1', 'width': 320}, {'height': 160, 'url': 'https://i.scdn.co/image/ab6761610000f178abab30b094128cf4c0f2cef1', 'width': 160}]",Black Eyed Peas,77,artist,spotify:artist:1yxSLGMDHlW21z4YXirZDS
{'spotify': 'https://open.spotify.com/artist/5ND0mGcL9SKSjWIjPd0xIb'},1095340,"['neon pop punk', 'pop punk', 'pop rock', 'texas pop punk']",https://api.spotify.com/v1/artists/5ND0mGcL9SKSjWIjPd0xIb,5ND0mGcL9SKSjWIjPd0xIb,"[{'height': 640, 'url': 'https://i.scdn.co/image/ab6761610000e5eb431720ffc823f2babce011f9', 'width': 640}, {'height': 320, 'url': 'https://i.scdn.co/image/ab67616100005174431720ffc823f2babce011f9', 'width': 320}, {'height': 160, 'url': 'https://i.scdn.co/image/ab6761610000f178431720ffc823f2babce011f9', 'width': 160}]",Bowling For Soup,58,artist,spotify:artist:5ND0mGcL9SKSjWIjPd0xIb
{'spotify': 'https://open.spotify.com/artist/01lz5VBfkMFDteSA9pKJuP'},237648,"['boy band', 'neon pop punk', 'pixie', 'pop punk']",https://api.spotify.com/v1/artists/01lz5VBfkMFDteSA9pKJuP,01lz5VBfkMFDteSA9pKJuP,"[{'height': 402, 'url': 'https://i.scdn.co/image/91a8ed07a93bda12047370631501e8138a56ba79', 'width': 500}, {'height': 161, 'url': 'https://i.scdn.co/image/94b947cd16c706cc0b9cf671eabb48fc874f0032', 'width': 200}, {'height': 51, 'url': 'https://i.scdn.co/image/198e4fe7c7aadbc612ca55da43ca342652f162c3', 'width': 63}]",The Click Five,45,artist,spotify:artist:01lz5VBfkMFDteSA9pKJuP
{'spotify': 'https://open.spotify.com/artist/7gOdHgIoIKoe4i9Tta6qdD'},7301276,"['boy band', 'pop']",https://api.spotify.com/v1/artists/7gOdHgIoIKoe4i9Tta6qdD,7gOdHgIoIKoe4i9Tta6qdD,"[{'height': 640, 'url': 'https://i.scdn.co/image/ab6761610000e5ebab4364d80728df548a4f7d77', 'width': 640}, {'height': 320, 'url': 'https://i.scdn.co/image/ab67616100005174ab4364d80728df548a4f7d77', 'width': 320}, {'height': 160, 'url': 'https://i.scdn.co/image/ab6761610000f178ab4364d80728df548a4f7d77', 'width': 160}]",Jonas Brothers,74,artist,spotify:artist:7gOdHgIoIKoe4i9Tta6qdD
{'spotify': 'https://open.spotify.com/artist/5qK5bOC6wLtuLhG5KvU17c'},83732,"['hip pop', 'trap queen']",https://api.spotify.com/v1/artists/5qK5bOC6wLtuLhG5KvU17c,5qK5bOC6wLtuLhG5KvU17c,"[{'height': 640, 'url': 'https://i.scdn.co/image/ab6761610000e5ebb5480bacf7da47dd37e1b4f7', 'width': 640}, {'height': 320, 'url': 'https://i.scdn.co/image/ab67616100005174b5480bacf7da47dd37e1b4f7', 'width': 320}, {'height': 160, 'url': 'https://i.scdn.co/image/ab6761610000f178b5480bacf7da47dd37e1b4f7', 'width': 160}]",Lil Mama,45,artist,spotify:artist:5qK5bOC6wLtuLhG5KvU17c
{'spotify': 'https://open.spotify.com/artist/0N0d3kjwdY2h7UVuTdJGfp'},500384,"['eurodance', 'europop', 'german techno', 'melbourne bounce international']",https://api.spotify.com/v1/artists/0N0d3kjwdY2h7UVuTdJGfp,0N0d3kjwdY2h7UVuTdJGfp,"[{'height': 640, 'url': 'https://i.scdn.co/image/ab6761610000e5eba753dbba29da937cc0f4224b', 'width': 640}, {'height': 320, 'url': 'https://i.scdn.co/image/ab67616100005174a753dbba29da937cc0f4224b', 'width': 320}, {'height': 160, 'url': 'https://i.scdn.co/image/ab6761610000f178a753dbba29da937cc0f4224b', 'width': 160}]",Cascada,62,artist,spotify:artist:0N0d3kjwdY2h7UVuTdJGfp
{'spotify': 'https://open.spotify.com/artist/07YZf4WDAMNwqr4jfgOZ8y'},11960486,"['dance pop', 'pop']",https://api.spotify.com/v1/artists/07YZf4WDAMNwqr4jfgOZ8y,07YZf4WDAMNwqr4jfgOZ8y,"[{'height': 640, 'url': 'https://i.scdn.co/image/ab6761610000e5eb2ca27dcc7f92e9576126bb18', 'width': 640}, {'height': 320, 'url': 'https://i.scdn.co/image/ab676161000051742ca27dcc7f92e9576126bb18', 'width': 320}, {'height': 160, 'url': 'https://i.scdn.co/image/ab6761610000f1782ca27dcc7f92e9576126bb18', 'width': 160}]",Jason Derulo,76,artist,spotify:artist:07YZf4WDAMNwqr4jfgOZ8y
{'spotify': 'https://open.spotify.com/artist/21E3waRsmPlU7jZsS13rcj'},8401420,"['dance pop', 'pop', 'r&b', 'urban contemporary']",https://api.spotify.com/v1/artists/21E3waRsmPlU7jZsS13rcj,21E3waRsmPlU7jZsS13rcj,"[{'height': 640, 'url': 'https://i.scdn.co/image/ab6761610000e5ebca118e3822061f7b7f6bc537', 'width': 640}, {'height': 320, 'url': 'https://i.scdn.co/image/ab67616100005174ca118e3822061f7b7f6bc537', 'width': 320}, {'height': 160, 'url': 'https://i.scdn.co/image/ab6761610000f178ca118e3822061f7b7f6bc537', 'width': 160}]",Ne-Yo,76,artist,spotify:artist:21E3waRsmPlU7jZsS13rcj
{'spotify': 'https://open.spotify.com/artist/5YGY8feqx7naU7z4HrwZM6'},22619957,['pop'],https://api.spotify.com/v1/artists/5YGY8feqx7naU7z4HrwZM6,5YGY8feqx7naU7z4HrwZM6,"[{'height': 640, 'url': 'https://i.scdn.co/image/ab6761610000e5ebb5af3b38f053486ab0784dee', 'width': 640}, {'height': 320, 'url': 'https://i.scdn.co/image/ab67616100005174b5af3b38f053486ab0784dee', 'width': 320}, {'height': 160, 'url': 'https://i.scdn.co/image/ab6761610000f178b5af3b38f053486ab0784dee', 'width': 160}]",Miley Cyrus,82,artist,spotify:artist:5YGY8feqx7naU7z4HrwZM6
{'spotify': 'https://open.spotify.com/artist/0vWCyXMrrvMlCcepuOJaGI'},1190527,"['neon pop punk', 'pop punk']",https://api.spotify.com/v1/artists/0vWCyXMrrvMlCcepuOJaGI,0vWCyXMrrvMlCcepuOJaGI,"[{'height': 640, 'url': 'https://i.scdn.co/image/ab6761610000e5eb422c3ff21d54d8660387285f', 'width': 640}, {'height': 320, 'url': 'https://i.scdn.co/image/ab67616100005174422c3ff21d54d8660387285f', 'width': 320}, {'height': 160, 'url': 'https://i.scdn.co/image/ab6761610000f178422c3ff21d54d8660387285f', 'width': 160}]",BOYS LIKE GIRLS,58,artist,spotify:artist:0vWCyXMrrvMlCcepuOJaGI
{'spotify': 'https://open.spotify.com/artist/5tKXB9uuebKE34yowVaU3C'},921007,"['dance pop', 'pop rap', 'post-teen pop']",https://api.spotify.com/v1/artists/5tKXB9uuebKE34yowVaU3C,5tKXB9uuebKE34yowVaU3C,"[{'height': 667, 'url': 'https://i.scdn.co/image/07be68a6b678e0307e38303186ddbc6816f250af', 'width': 1000}, {'height': 427, 'url': 'https://i.scdn.co/image/e5611d678c61f484cdeb18eee0d3c2674729dd1a', 'width': 640}, {'height': 133, 'url': 'https://i.scdn.co/image/eb2ecea21aa3eef2165103326233bfbc477b0e1c', 'width': 200}, {'height': 43, 'url': 'https://i.scdn.co/image/2ff1e40b89fc9a9468a34a1cab8f57974f731edb', 'width': 64}]",Iyaz,62,artist,spotify:artist:5tKXB9uuebKE34yowVaU3C
{'spotify': 'https://open.spotify.com/artist/6LqNN22kT3074XbTVUrhzX'},7687538,"['dance pop', 'pop']",https://api.spotify.com/v1/artists/6LqNN22kT3074XbTVUrhzX,6LqNN22kT3074XbTVUrhzX,"[{'height': 640, 'url': 'https://i.scdn.co/image/ab6761610000e5eb8e32655d5ee8021c812b0f74', 'width': 640}, {'height': 320, 'url': 'https://i.scdn.co/image/ab676161000051748e32655d5ee8021c812b0f74', 'width': 320}, {'height': 160, 'url': 'https://i.scdn.co/image/ab6761610000f1788e32655d5ee8021c812b0f74', 'width': 160}]",Kesha,73,artist,spotify:artist:6LqNN22kT3074XbTVUrhzX
{'spotify': 'https://open.spotify.com/artist/1uNFoZAHBGtllmzznpCI3s'},74609186,"['canadian pop', 'pop']",https://api.spotify.com/v1/artists/1uNFoZAHBGtllmzznpCI3s,1uNFoZAHBGtllmzznpCI3s,"[{'height': 640, 'url': 'https://i.scdn.co/image/ab6761610000e5eb8ae7f2aaa9817a704a87ea36', 'width': 640}, {'height': 320, 'url': 'https://i.scdn.co/image/ab676161000051748ae7f2aaa9817a704a87ea36', 'width': 320}, {'height': 160, 'url': 'https://i.scdn.co/image/ab6761610000f1788ae7f2aaa9817a704a87ea36', 'width': 160}]",Justin Bieber,86,artist,spotify:artist:1uNFoZAHBGtllmzznpCI3s
{'spotify': 'https://open.spotify.com/artist/0QJIPDAEDILuo8AIq3pMuU'},1275501,"['escape room', 'indietronica', 'neo-synthpop', 'new rave']",https://api.spotify.com/v1/artists/0QJIPDAEDILuo8AIq3pMuU,0QJIPDAEDILuo8AIq3pMuU,"[{'height': 640, 'url': 'https://i.scdn.co/image/ab6761610000e5ebd75b03e7f83d62dcd55617ca', 'width': 640}, {'height': 320, 'url': 'https://i.scdn.co/image/ab67616100005174d75b03e7f83d62dcd55617ca', 'width': 320}, {'height': 160, 'url': 'https://i.scdn.co/image/ab6761610000f178d75b03e7f83d62dcd55617ca', 'width': 160}]",M.I.A.,65,artist,spotify:artist:0QJIPDAEDILuo8AIq3pMuU
{'spotify': 'https://open.spotify.com/artist/0C0XlULifJtAgn6ZNCW2eu'},7153810,"['alternative rock', 'dance rock', 'modern rock', 'permanent wave', 'rock']",https://api.spotify.com/v1/artists/0C0XlULifJtAgn6ZNCW2eu,0C0XlULifJtAgn6ZNCW2eu,"[{'height': 640, 'url': 'https://i.scdn.co/image/ab6761610000e5eb207b21f3ed0ee96adce3166a', 'width': 640}, {'height': 320, 'url': 'https://i.scdn.co/image/ab67616100005174207b21f3ed0ee96adce3166a', 'width': 320}, {'height': 160, 'url': 'https://i.scdn.co/image/ab6761610000f178207b21f3ed0ee96adce3166a', 'width': 160}]",The Killers,74,artist,spotify:artist:0C0XlULifJtAgn6ZNCW2eu
{'spotify': 'https://open.spotify.com/artist/6FBDaR13swtiWwGhX1WQsP'},7909593,"['alternative metal', 'modern rock', 'pop punk', 'punk', 'rock', 'socal pop punk']",https://api.spotify.com/v1/artists/6FBDaR13swtiWwGhX1WQsP,6FBDaR13swtiWwGhX1WQsP,"[{'height': 640, 'url': 'https://i.scdn.co/image/ab6761610000e5eb5da36f8b98dd965336a1507a', 'width': 640}, {'height': 320, 'url': 'https://i.scdn.co/image/ab676161000051745da36f8b98dd965336a1507a', 'width': 320}, {'height': 160, 'url': 'https://i.scdn.co/image/ab6761610000f1785da36f8b98dd965336a1507a', 'width': 160}]",blink-182,78,artist,spotify:artist:6FBDaR13swtiWwGhX1WQsP
{'spotify': 'https://open.spotify.com/artist/3vAaWhdBR38Q02ohXqaNHT'},2572844,"['alternative metal', 'modern rock', 'neo mellow', 'neon pop punk', 'pop punk', 'pop rock', 'post-grunge']",https://api.spotify.com/v1/artists/3vAaWhdBR38Q02ohXqaNHT,3vAaWhdBR38Q02ohXqaNHT,"[{'height': 640, 'url': 'https://i.scdn.co/image/ab6761610000e5ebb57332e3fc2b97bb33577e65', 'width': 640}, {'height': 320, 'url': 'https://i.scdn.co/image/ab67616100005174b57332e3fc2b97bb33577e65', 'width': 320}, {'height': 160, 'url': 'https://i.scdn.co/image/ab6761610000f178b57332e3fc2b97bb33577e65', 'width': 160}]",The All-American Rejects,64,artist,spotify:artist:3vAaWhdBR38Q02ohXqaNHT
{'spotify': 'https://open.spotify.com/artist/5ILrArfIV0tMURcHJN8Q07'},608944,"['lilith', 'neo mellow', 'piano rock', 'pop rock', 'post-teen pop']",https://api.spotify.com/v1/artists/5ILrArfIV0tMURcHJN8Q07,5ILrArfIV0tMURcHJN8Q07,"[{'height': 640, 'url': 'https://i.scdn.co/image/ab6761610000e5eb9a9873aca07694682036f5b7', 'width': 640}, {'height': 320, 'url': 'https://i.scdn.co/image/ab676161000051749a9873aca07694682036f5b7', 'width': 320}, {'height': 160, 'url': 'https://i.scdn.co/image/ab6761610000f1789a9873aca07694682036f5b7', 'width': 160}]",Vanessa Carlton,60,artist,spotify:artist:5ILrArfIV0tMURcHJN8Q07
{'spotify': 'https://open.spotify.com/artist/7vWBZm3sQ8yQvfV4nXxHXK'},68507,[],https://api.spotify.com/v1/artists/7vWBZm3sQ8yQvfV4nXxHXK,7vWBZm3sQ8yQvfV4nXxHXK,"[{'height': 640, 'url': 'https://i.scdn.co/image/ab6761610000e5eb4cd1db38841259de04a748d1', 'width': 640}, {'height': 320, 'url': 'https://i.scdn.co/image/ab676161000051744cd1db38841259de04a748d1', 'width': 320}, {'height': 160, 'url': 'https://i.scdn.co/image/ab6761610000f1784cd1db38841259de04a748d1', 'width': 160}]",Cris Cab,39,artist,spotify:artist:7vWBZm3sQ8yQvfV4nXxHXK
{'spotify': 'https://open.spotify.com/artist/6S2OmqARrzebs0tKUEyXyp'},26313130,"['pop', 'post-teen pop']",https://api.spotify.com/v1/artists/6S2OmqARrzebs0tKUEyXyp,6S2OmqARrzebs0tKUEyXyp,"[{'height': 640, 'url': 'https://i.scdn.co/image/ab6761610000e5ebcf674ecb51186e6408cd18c0', 'width': 640}, {'height': 320, 'url': 'https://i.scdn.co/image/ab67616100005174cf674ecb51186e6408cd18c0', 'width': 320}, {'height': 160, 'url': 'https://i.scdn.co/image/ab6761610000f178cf674ecb51186e6408cd18c0', 'width': 160}]",Demi Lovato,76,artist,spotify:artist:6S2OmqARrzebs0tKUEyXyp
{'spotify': 'https://open.spotify.com/artist/3ao3jf5d70Tf4fPh2bnXVl'},1285395,"['neon pop punk', 'piano rock', 'pop punk']",https://api.spotify.com/v1/artists/3ao3jf5d70Tf4fPh2bnXVl,3ao3jf5d70Tf4fPh2bnXVl,"[{'height': 640, 'url': 'https://i.scdn.co/image/ab6761610000e5eb5769c8fcb7cb9e65c7eb6b72', 'width': 640}, {'height': 320, 'url': 'https://i.scdn.co/image/ab676161000051745769c8fcb7cb9e65c7eb6b72', 'width': 320}, {'height': 160, 'url': 'https://i.scdn.co/image/ab6761610000f1785769c8fcb7cb9e65c7eb6b72', 'width': 160}]",We The Kings,55,artist,spotify:artist:3ao3jf5d70Tf4fPh2bnXVl
{'spotify': 'https://open.spotify.com/artist/26bcq2nyj5GB7uRr558iQg'},1046816,"['album rock', 'glam metal', 'hard rock', 'soft rock']",https://api.spotify.com/v1/artists/26bcq2nyj5GB7uRr558iQg,26bcq2nyj5GB7uRr558iQg,"[{'height': 647, 'url': 'https://i.scdn.co/image/da30acd2c9d0f32f5f5a2d69f32c2d30335466b5', 'width': 1000}, {'height': 414, 'url': 'https://i.scdn.co/image/4b664fd84812a6275249447cae61ca048721c52d', 'width': 640}, {'height': 129, 'url': 'https://i.scdn.co/image/7b6f21db11d15febd6e8079f0f2b147ccac427b4', 'width': 199}, {'height': 41, 'url': 'https://i.scdn.co/image/b138642e8356c9b946e82cfc79d0b047fa886a02', 'width': 63}]",Survivor,64,artist,spotify:artist:26bcq2nyj5GB7uRr558iQg
{'spotify': 'https://open.spotify.com/artist/7zdmbPudNX4SQJXnYIuCTC'},31500,['scorecore'],https://api.spotify.com/v1/artists/7zdmbPudNX4SQJXnYIuCTC,7zdmbPudNX4SQJXnYIuCTC,"[{'height': 640, 'url': 'https://i.scdn.co/image/ab6761610000e5eb58048ddf4c95013d8fc2fdc0', 'width': 640}, {'height': 320, 'url': 'https://i.scdn.co/image/ab6761610000517458048ddf4c95013d8fc2fdc0', 'width': 320}, {'height': 160, 'url': 'https://i.scdn.co/image/ab6761610000f17858048ddf4c95013d8fc2fdc0', 'width': 160}]",Daniel Tidwell,36,artist,spotify:artist:7zdmbPudNX4SQJXnYIuCTC
{'spotify': 'https://open.spotify.com/artist/6BKWwLs98ZY3ifhCDNGvLk'},7873,[],https://api.spotify.com/v1/artists/6BKWwLs98ZY3ifhCDNGvLk,6BKWwLs98ZY3ifhCDNGvLk,"[{'height': 640, 'url': 'https://i.scdn.co/image/ab6761610000e5ebaee33551a184c3df8d68c6e2', 'width': 640}, {'height': 320, 'url': 'https://i.scdn.co/image/ab67616100005174aee33551a184c3df8d68c6e2', 'width': 320}, {'height': 160, 'url': 'https://i.scdn.co/image/ab6761610000f178aee33551a184c3df8d68c6e2', 'width': 160}]",Kaleptik,29,artist,spotify:artist:6BKWwLs98ZY3ifhCDNGvLk
{'spotify': 'https://open.spotify.com/artist/6Gp8BbKAqPO3R0UAYkm8J0'},5555,['british soundtrack'],https://api.spotify.com/v1/artists/6Gp8BbKAqPO3R0UAYkm8J0,6Gp8BbKAqPO3R0UAYkm8J0,"[{'height': 640, 'url': 'https://i.scdn.co/image/ab67616d0000b273fc03952239733911cedfc057', 'width': 640}, {'height': 300, 'url': 'https://i.scdn.co/image/ab67616d00001e021c3b06ed95e6b0de0c15a9ce', 'width': 300}, {'height': 64, 'url': 'https://i.scdn.co/image/ab67616d000048511c3b06ed95e6b0de0c15a9ce', 'width': 64}]",Ben Foster,28,artist,spotify:artist:6Gp8BbKAqPO3R0UAYkm8J0
{'spotify': 'https://open.spotify.com/artist/3cR4rhS2hBWqI7rJEBacvN'},232551,"['broadway', 'show tunes', 'vocal jazz']",https://api.spotify.com/v1/artists/3cR4rhS2hBWqI7rJEBacvN,3cR4rhS2hBWqI7rJEBacvN,"[{'height': 640, 'url': 'https://i.scdn.co/image/ab6761610000e5eb446b2d505542a9424dfdfb16', 'width': 640}, {'height': 320, 'url': 'https://i.scdn.co/image/ab67616100005174446b2d505542a9424dfdfb16', 'width': 320}, {'height': 160, 'url': 'https://i.scdn.co/image/ab6761610000f178446b2d505542a9424dfdfb16', 'width': 160}]",Leslie Odom Jr.,68,artist,spotify:artist:3cR4rhS2hBWqI7rJEBacvN
{'spotify': 'https://open.spotify.com/artist/6sLwRSXSUF5JTUnQaFenyj'},42660,"['broadway', 'movie tunes', 'show tunes']",https://api.spotify.com/v1/artists/6sLwRSXSUF5JTUnQaFenyj,6sLwRSXSUF5JTUnQaFenyj,"[{'height': 640, 'url': 'https://i.scdn.co/image/ab6761610000e5eb94de3b464a999a50d4611220', 'width': 640}, {'height': 320, 'url': 'https://i.scdn.co/image/ab6761610000517494de3b464a999a50d4611220', 'width': 320}, {'height': 160, 'url': 'https://i.scdn.co/image/ab6761610000f17894de3b464a999a50d4611220', 'width': 160}]",Christopher Jackson,63,artist,spotify:artist:6sLwRSXSUF5JTUnQaFenyj
{'spotify': 'https://open.spotify.com/artist/4aXXDj9aZnlshx7mzj3W1N'},592165,"['broadway', 'show tunes']",https://api.spotify.com/v1/artists/4aXXDj9aZnlshx7mzj3W1N,4aXXDj9aZnlshx7mzj3W1N,"[{'height': 1000, 'url': 'https://i.scdn.co/image/84dc87cca456089fc5cfa2d7593d9d960ca4553f', 'width': 1000}, {'height': 640, 'url': 'https://i.scdn.co/image/d96d04e545d45bab308e6738010fe06d0ba61aac', 'width': 640}, {'height': 200, 'url': 'https://i.scdn.co/image/f1eabec743f61a0a6197426e4114a0baec6f84a0', 'width': 200}, {'height': 64, 'url': 'https://i.scdn.co/image/9a2842c6035165a615b50c8aed217b58699f174d', 'width': 64}]",Lin-Manuel Miranda,70,artist,spotify:artist:4aXXDj9aZnlshx7mzj3W1N
{'spotify': 'https://open.spotify.com/artist/36QJpDe2go2KgaRleHCDTp'},13881054,"['album rock', 'classic rock', 'hard rock', 'rock']",https://api.spotify.com/v1/artists/36QJpDe2go2KgaRleHCDTp,36QJpDe2go2KgaRleHCDTp,"[{'height': 600, 'url': 'https://i.scdn.co/image/207803ce008388d3427a685254f9de6a8f61dc2e', 'width': 600}, {'height': 200, 'url': 'https://i.scdn.co/image/b0248a44865493e6a03832aa89854ada16ff07a8', 'width': 200}, {'height': 64, 'url': 'https://i.scdn.co/image/16eb3cdae0d824b520ac17710e943a99d3ef6602', 'width': 64}]",Led Zeppelin,73,artist,spotify:artist:36QJpDe2go2KgaRleHCDTp
{'spotify': 'https://open.spotify.com/artist/4e5V1Q2dKCzbLVMQ8qbTn6'},1058655,"['alternative rock', 'grunge', 'pop rock', 'post-grunge', 'rock']",https://api.spotify.com/v1/artists/4e5V1Q2dKCzbLVMQ8qbTn6,4e5V1Q2dKCzbLVMQ8qbTn6,"[{'height': 640, 'url': 'https://i.scdn.co/image/ab6761610000e5eb8ddc28a083087d2411da04c7', 'width': 640}, {'height': 320, 'url': 'https://i.scdn.co/image/ab676161000051748ddc28a083087d2411da04c7', 'width': 320}, {'height': 160, 'url': 'https://i.scdn.co/image/ab6761610000f1788ddc28a083087d2411da04c7', 'width': 160}]",Collective Soul,57,artist,spotify:artist:4e5V1Q2dKCzbLVMQ8qbTn6
{'spotify': 'https://open.spotify.com/artist/2NPduAUeLVsfIauhRwuft1'},2083259,"['fantasy metal', 'finnish metal', 'finnish power metal', 'gothic metal', 'gothic symphonic metal', 'opera metal', 'power metal', 'symphonic metal']",https://api.spotify.com/v1/artists/2NPduAUeLVsfIauhRwuft1,2NPduAUeLVsfIauhRwuft1,"[{'height': 640, 'url': 'https://i.scdn.co/image/ab6761610000e5eb2ed29d6d48829666efc8f609', 'width': 640}, {'height': 320, 'url': 'https://i.scdn.co/image/ab676161000051742ed29d6d48829666efc8f609', 'width': 320}, {'height': 160, 'url': 'https://i.scdn.co/image/ab6761610000f1782ed29d6d48829666efc8f609', 'width': 160}]",Nightwish,62,artist,spotify:artist:2NPduAUeLVsfIauhRwuft1
{'spotify': 'https://open.spotify.com/artist/5GtMEZEeFFsuHY8ad4kOxv'},1767023,"['british soul', 'new wave pop']",https://api.spotify.com/v1/artists/5GtMEZEeFFsuHY8ad4kOxv,5GtMEZEeFFsuHY8ad4kOxv,"[{'height': 640, 'url': 'https://i.scdn.co/image/ab6761610000e5ebe29f9c69aad50e33fa61805a', 'width': 640}, {'height': 320, 'url': 'https://i.scdn.co/image/ab67616100005174e29f9c69aad50e33fa61805a', 'width': 320}, {'height': 160, 'url': 'https://i.scdn.co/image/ab6761610000f178e29f9c69aad50e33fa61805a', 'width': 160}]",Seal,60,artist,spotify:artist:5GtMEZEeFFsuHY8ad4kOxv
{'spotify': 'https://open.spotify.com/artist/22bE4uQ6baNwSHPVcDxLCe'},13486998,"['album rock', 'british invasion', 'classic rock', 'rock']",https://api.spotify.com/v1/artists/22bE4uQ6baNwSHPVcDxLCe,22bE4uQ6baNwSHPVcDxLCe,"[{'height': 640, 'url': 'https://i.scdn.co/image/ab6761610000e5ebe4cea917b68726aadb4854b8', 'width': 640}, {'height': 320, 'url': 'https://i.scdn.co/image/ab67616100005174e4cea917b68726aadb4854b8', 'width': 320}, {'height': 160, 'url': 'https://i.scdn.co/image/ab6761610000f178e4cea917b68726aadb4854b8', 'width': 160}]",The Rolling Stones,78,artist,spotify:artist:22bE4uQ6baNwSHPVcDxLCe
{'spotify': 'https://open.spotify.com/artist/4MVyzYMgTwdP7Z49wAZHx0'},4912345,"['album rock', 'classic rock', 'hard rock', 'rock', 'southern rock']",https://api.spotify.com/v1/artists/4MVyzYMgTwdP7Z49wAZHx0,4MVyzYMgTwdP7Z49wAZHx0,"[{'height': 640, 'url': 'https://i.scdn.co/image/ab6761610000e5eb451eb07ddc6e68d3e474c2bf', 'width': 640}, {'height': 320, 'url': 'https://i.scdn.co/image/ab67616100005174451eb07ddc6e68d3e474c2bf', 'width': 320}, {'height': 160, 'url': 'https://i.scdn.co/image/ab6761610000f178451eb07ddc6e68d3e474c2bf', 'width': 160}]",Lynyrd Skynyrd,69,artist,spotify:artist:4MVyzYMgTwdP7Z49wAZHx0
{'spotify': 'https://open.spotify.com/artist/0PFtn5NtBbbUNbU9EAmIWF'},2763690,"['album rock', 'classic rock', 'hard rock', 'mellow gold', 'rock', 'soft rock', 'yacht rock']",https://api.spotify.com/v1/artists/0PFtn5NtBbbUNbU9EAmIWF,0PFtn5NtBbbUNbU9EAmIWF,"[{'height': 640, 'url': 'https://i.scdn.co/image/ab6761610000e5eba59a5bcab211f964fe9bfb06', 'width': 640}, {'height': 320, 'url': 'https://i.scdn.co/image/ab67616100005174a59a5bcab211f964fe9bfb06', 'width': 320}, {'height': 160, 'url': 'https://i.scdn.co/image/ab6761610000f178a59a5bcab211f964fe9bfb06', 'width': 160}]",TOTO,70,artist,spotify:artist:0PFtn5NtBbbUNbU9EAmIWF
{'spotify': 'https://open.spotify.com/artist/2hl0xAkS2AIRAu23TVMBG1'},1462975,"['album rock', 'classic rock', 'hard rock', 'heartland rock', 'mellow gold', 'progressive rock', 'rock', 'soft rock']",https://api.spotify.com/v1/artists/2hl0xAkS2AIRAu23TVMBG1,2hl0xAkS2AIRAu23TVMBG1,"[{'height': 640, 'url': 'https://i.scdn.co/image/ab6761610000e5ebce30906f8428166de2e7b592', 'width': 640}, {'height': 320, 'url': 'https://i.scdn.co/image/ab67616100005174ce30906f8428166de2e7b592', 'width': 320}, {'height': 160, 'url': 'https://i.scdn.co/image/ab6761610000f178ce30906f8428166de2e7b592', 'width': 160}]",Kansas,63,artist,spotify:artist:2hl0xAkS2AIRAu23TVMBG1
{'spotify': 'https://open.spotify.com/artist/1dfeR4HaWDbWqFHLkxsg1d'},48818296,"['classic rock', 'glam rock', 'rock']",https://api.spotify.com/v1/artists/1dfeR4HaWDbWqFHLkxsg1d,1dfeR4HaWDbWqFHLkxsg1d,"[{'height': 806, 'url': 'https://i.scdn.co/image/b040846ceba13c3e9c125d68389491094e7f2982', 'width': 999}, {'height': 516, 'url': 'https://i.scdn.co/image/af2b8e57f6d7b5d43a616bd1e27ba552cd8bfd42', 'width': 640}, {'height': 161, 'url': 'https://i.scdn.co/image/c06971e9ff81696699b829484e3be165f4e64368', 'width': 200}, {'height': 52, 'url': 'https://i.scdn.co/image/6dd0ffd270903d1884edf9058c49f58b03db893d', 'width': 64}]",Queen,81,artist,spotify:artist:1dfeR4HaWDbWqFHLkxsg1d
{'spotify': 'https://open.spotify.com/artist/3qm84nBOXUEQ2vnTfUTTFC'},30250474,"['glam metal', 'hard rock', 'rock']",https://api.spotify.com/v1/artists/3qm84nBOXUEQ2vnTfUTTFC,3qm84nBOXUEQ2vnTfUTTFC,"[{'height': 640, 'url': 'https://i.scdn.co/image/ab6761610000e5eb50defaf9fc059a1efc541f4c', 'width': 640}, {'height': 320, 'url': 'https://i.scdn.co/image/ab6761610000517450defaf9fc059a1efc541f4c', 'width': 320}, {'height': 160, 'url': 'https://i.scdn.co/image/ab6761610000f17850defaf9fc059a1efc541f4c', 'width': 160}]",Guns N' Roses,77,artist,spotify:artist:3qm84nBOXUEQ2vnTfUTTFC
{'spotify': 'https://open.spotify.com/artist/3IYUhFvPQItj6xySrBmZkd'},6191718,"['classic rock', 'country rock', 'rock', 'southern rock', 'swamp rock']",https://api.spotify.com/v1/artists/3IYUhFvPQItj6xySrBmZkd,3IYUhFvPQItj6xySrBmZkd,"[{'height': 640, 'url': 'https://i.scdn.co/image/ab6761610000e5ebd2e2b04b7ba5d60b72f54506', 'width': 640}, {'height': 320, 'url': 'https://i.scdn.co/image/ab67616100005174d2e2b04b7ba5d60b72f54506', 'width': 320}, {'height': 160, 'url': 'https://i.scdn.co/image/ab6761610000f178d2e2b04b7ba5d60b72f54506', 'width': 160}]",Creedence Clearwater Revival,77,artist,spotify:artist:3IYUhFvPQItj6xySrBmZkd
{'spotify': 'https://open.spotify.com/artist/27T030eWyCQRmDyuvr1kxY'},6769982,"['album rock', 'german hard rock', 'german metal', 'german rock', 'hard rock', 'rock']",https://api.spotify.com/v1/artists/27T030eWyCQRmDyuvr1kxY,27T030eWyCQRmDyuvr1kxY,"[{'height': 640, 'url': 'https://i.scdn.co/image/ab6761610000e5eb7440170c0628c2945da819c3', 'width': 640}, {'height': 320, 'url': 'https://i.scdn.co/image/ab676161000051747440170c0628c2945da819c3', 'width': 320}, {'height': 160, 'url': 'https://i.scdn.co/image/ab6761610000f1787440170c0628c2945da819c3', 'width': 160}]",Scorpions,69,artist,spotify:artist:27T030eWyCQRmDyuvr1kxY
{'spotify': 'https://open.spotify.com/artist/2Hkut4rAAyrQxRdof7FVJq'},2199041,"['album rock', 'canadian metal', 'classic canadian rock', 'classic rock', 'hard rock', 'progressive rock', 'rock']",https://api.spotify.com/v1/artists/2Hkut4rAAyrQxRdof7FVJq,2Hkut4rAAyrQxRdof7FVJq,"[{'height': 640, 'url': 'https://i.scdn.co/image/ab6761610000e5eb896c4b043fb3063178afd716', 'width': 640}, {'height': 320, 'url': 'https://i.scdn.co/image/ab67616100005174896c4b043fb3063178afd716', 'width': 320}, {'height': 160, 'url': 'https://i.scdn.co/image/ab6761610000f178896c4b043fb3063178afd716', 'width': 160}]",Rush,62,artist,spotify:artist:2Hkut4rAAyrQxRdof7FVJq
{'spotify': 'https://open.spotify.com/artist/7lXgbtBDcCRbfc5f8FhGUL'},387334,"['k-rap', 'korean r&b']",https://api.spotify.com/v1/artists/7lXgbtBDcCRbfc5f8FhGUL,7lXgbtBDcCRbfc5f8FhGUL,"[{'height': 640, 'url': 'https://i.scdn.co/image/ab6761610000e5eb9d323d36c0b99f60579b9da3', 'width': 640}, {'height': 320, 'url': 'https://i.scdn.co/image/ab676161000051749d323d36c0b99f60579b9da3', 'width': 320}, {'height': 160, 'url': 'https://i.scdn.co/image/ab6761610000f1789d323d36c0b99f60579b9da3', 'width': 160}]",Hoody,51,artist,spotify:artist:7lXgbtBDcCRbfc5f8FhGUL
{'spotify': 'https://open.spotify.com/artist/2e4G04F77jxVuDYo44TCSm'},408354,"['k-pop', 'k-rap', 'korean r&b']",https://api.spotify.com/v1/artists/2e4G04F77jxVuDYo44TCSm,2e4G04F77jxVuDYo44TCSm,"[{'height': 640, 'url': 'https://i.scdn.co/image/ab6761610000e5eb29971b8d9d19fef176338e4a', 'width': 640}, {'height': 320, 'url': 'https://i.scdn.co/image/ab6761610000517429971b8d9d19fef176338e4a', 'width': 320}, {'height': 160, 'url': 'https://i.scdn.co/image/ab6761610000f17829971b8d9d19fef176338e4a', 'width': 160}]",Loco,57,artist,spotify:artist:2e4G04F77jxVuDYo44TCSm
{'spotify': 'https://open.spotify.com/artist/0hT0UrjmzkLJouAT52ck6j'},67957,['korean pop'],https://api.spotify.com/v1/artists/0hT0UrjmzkLJouAT52ck6j,0hT0UrjmzkLJouAT52ck6j,"[{'height': 640, 'url': 'https://i.scdn.co/image/ab6761610000e5ebdccd3c1862930391e73d51ea', 'width': 640}, {'height': 320, 'url': 'https://i.scdn.co/image/ab67616100005174dccd3c1862930391e73d51ea', 'width': 320}, {'height': 160, 'url': 'https://i.scdn.co/image/ab6761610000f178dccd3c1862930391e73d51ea', 'width': 160}]",Park Kyung,32,artist,spotify:artist:0hT0UrjmzkLJouAT52ck6j
{'spotify': 'https://open.spotify.com/artist/3Nrfpe0tUJi4K4DXYWgMUX'},70960278,"['k-pop', 'k-pop boy group', 'pop']",https://api.spotify.com/v1/artists/3Nrfpe0tUJi4K4DXYWgMUX,3Nrfpe0tUJi4K4DXYWgMUX,"[{'height': 640, 'url': 'https://i.scdn.co/image/ab6761610000e5ebd642648235ebf3460d2d1f6a', 'width': 640}, {'height': 320, 'url': 'https://i.scdn.co/image/ab67616100005174d642648235ebf3460d2d1f6a', 'width': 320}, {'height': 160, 'url': 'https://i.scdn.co/image/ab6761610000f178d642648235ebf3460d2d1f6a', 'width': 160}]",BTS,84,artist,spotify:artist:3Nrfpe0tUJi4K4DXYWgMUX
{'spotify': 'https://open.spotify.com/artist/3g34PW5oNmDBxMVUTzx2XK'},452459,"['k-pop', 'k-pop girl group']",https://api.spotify.com/v1/artists/3g34PW5oNmDBxMVUTzx2XK,3g34PW5oNmDBxMVUTzx2XK,"[{'height': 640, 'url': 'https://i.scdn.co/image/ab6761610000e5eb02b921a7ab0c2e7f35e250f8', 'width': 640}, {'height': 320, 'url': 'https://i.scdn.co/image/ab6761610000517402b921a7ab0c2e7f35e250f8', 'width': 320}, {'height': 160, 'url': 'https://i.scdn.co/image/ab6761610000f17802b921a7ab0c2e7f35e250f8', 'width': 160}]",Lovelyz,38,artist,spotify:artist:3g34PW5oNmDBxMVUTzx2XK
{'spotify': 'https://open.spotify.com/artist/7cVZApDoQZpS447nHTsNqu'},1622114,['k-pop'],https://api.spotify.com/v1/artists/7cVZApDoQZpS447nHTsNqu,7cVZApDoQZpS447nHTsNqu,"[{'height': 640, 'url': 'https://i.scdn.co/image/ab6761610000e5eb05cead99b1a81b82a9a42838', 'width': 640}, {'height': 320, 'url': 'https://i.scdn.co/image/ab6761610000517405cead99b1a81b82a9a42838', 'width': 320}, {'height': 160, 'url': 'https://i.scdn.co/image/ab6761610000f17805cead99b1a81b82a9a42838', 'width': 160}]",LeeHi,64,artist,spotify:artist:7cVZApDoQZpS447nHTsNqu
{'spotify': 'https://open.spotify.com/artist/3uGFTJ7JMllvhgGpumieHF'},1138095,['k-pop'],https://api.spotify.com/v1/artists/3uGFTJ7JMllvhgGpumieHF,3uGFTJ7JMllvhgGpumieHF,"[{'height': 640, 'url': 'https://i.scdn.co/image/ab6761610000e5eb1722d31b67b9f5a48e94e465', 'width': 640}, {'height': 320, 'url': 'https://i.scdn.co/image/ab676161000051741722d31b67b9f5a48e94e465', 'width': 320}, {'height': 160, 'url': 'https://i.scdn.co/image/ab6761610000f1781722d31b67b9f5a48e94e465', 'width': 160}]",AILEE,56,artist,spotify:artist:3uGFTJ7JMllvhgGpumieHF
{'spotify': 'https://open.spotify.com/artist/1ukccHTdm6Xjmag0QLNJBx'},34759,['k-pop'],https://api.spotify.com/v1/artists/1ukccHTdm6Xjmag0QLNJBx,1ukccHTdm6Xjmag0QLNJBx,"[{'height': 640, 'url': 'https://i.scdn.co/image/ab67616d0000b27398d92cfb0f30e0fe7a15a4a0', 'width': 640}, {'height': 300, 'url': 'https://i.scdn.co/image/ab67616d00001e0298d92cfb0f30e0fe7a15a4a0', 'width': 300}, {'height': 64, 'url': 'https://i.scdn.co/image/ab67616d0000485198d92cfb0f30e0fe7a15a4a0', 'width': 64}]",Miso,11,artist,spotify:artist:1ukccHTdm6Xjmag0QLNJBx
{'spotify': 'https://open.spotify.com/artist/5HenzRvMtSrgtvU16XAoby'},584562,"['k-pop', 'k-rap', 'korean r&b']",https://api.spotify.com/v1/artists/5HenzRvMtSrgtvU16XAoby,5HenzRvMtSrgtvU16XAoby,"[{'height': 640, 'url': 'https://i.scdn.co/image/ab6761610000e5eb5c9eb01fd34c0a998913ae60', 'width': 640}, {'height': 320, 'url': 'https://i.scdn.co/image/ab676161000051745c9eb01fd34c0a998913ae60', 'width': 320}, {'height': 160, 'url': 'https://i.scdn.co/image/ab6761610000f1785c9eb01fd34c0a998913ae60', 'width': 160}]",Zion.T,53,artist,spotify:artist:5HenzRvMtSrgtvU16XAoby
{'spotify': 'https://open.spotify.com/artist/2JhAlkmukNvarUpGhTFXUQ'},1894919,['k-pop'],https://api.spotify.com/v1/artists/2JhAlkmukNvarUpGhTFXUQ,2JhAlkmukNvarUpGhTFXUQ,"[{'height': 640, 'url': 'https://i.scdn.co/image/ab6761610000e5eb55ceeda87713cdf230a0a6ae', 'width': 640}, {'height': 320, 'url': 'https://i.scdn.co/image/ab6761610000517455ceeda87713cdf230a0a6ae', 'width': 320}, {'height': 160, 'url': 'https://i.scdn.co/image/ab6761610000f17855ceeda87713cdf230a0a6ae', 'width': 160}]",KARD,55,artist,spotify:artist:2JhAlkmukNvarUpGhTFXUQ
{'spotify': 'https://open.spotify.com/artist/5kPedB70NoaucwCvU7awih'},300,[],https://api.spotify.com/v1/artists/5kPedB70NoaucwCvU7awih,5kPedB70NoaucwCvU7awih,[],Artist Page Redirect Cleanup 2023,0,artist,spotify:artist:5kPedB70NoaucwCvU7awih
{'spotify': 'https://open.spotify.com/artist/4XDi67ZENZcbfKnvMnTYsI'},2033277,"['k-pop', 'k-rap', 'korean r&b']",https://api.spotify.com/v1/artists/4XDi67ZENZcbfKnvMnTYsI,4XDi67ZENZcbfKnvMnTYsI,"[{'height': 640, 'url': 'https://i.scdn.co/image/ab6761610000e5ebb897d3a31965b6c024704c71', 'width': 640}, {'height': 320, 'url': 'https://i.scdn.co/image/ab67616100005174b897d3a31965b6c024704c71', 'width': 320}, {'height': 160, 'url': 'https://i.scdn.co/image/ab6761610000f178b897d3a31965b6c024704c71', 'width': 160}]",Jay Park,63,artist,spotify:artist:4XDi67ZENZcbfKnvMnTYsI
{'spotify': 'https://open.spotify.com/artist/4XpUIb8uuNlIWVKmgKZXC0'},1346622,"['k-pop', 'korean r&b']",https://api.spotify.com/v1/artists/4XpUIb8uuNlIWVKmgKZXC0,4XpUIb8uuNlIWVKmgKZXC0,"[{'height': 640, 'url': 'https://i.scdn.co/image/ab6761610000e5eb511f570580c79107b2fa70b9', 'width': 640}, {'height': 320, 'url': 'https://i.scdn.co/image/ab67616100005174511f570580c79107b2fa70b9', 'width': 320}, {'height': 160, 'url': 'https://i.scdn.co/image/ab6761610000f178511f570580c79107b2fa70b9', 'width': 160}]",ZICO,57,artist,spotify:artist:4XpUIb8uuNlIWVKmgKZXC0
{'spotify': 'https://open.spotify.com/artist/41MozSoPIsD1dJM0CLPjZF'},46812971,"['k-pop', 'k-pop girl group', 'pop']",https://api.spotify.com/v1/artists/41MozSoPIsD1dJM0CLPjZF,41MozSoPIsD1dJM0CLPjZF,"[{'height': 640, 'url': 'https://i.scdn.co/image/ab6761610000e5ebc9690bc711d04b3d4fd4b87c', 'width': 640}, {'height': 320, 'url': 'https://i.scdn.co/image/ab67616100005174c9690bc711d04b3d4fd4b87c', 'width': 320}, {'height': 160, 'url': 'https://i.scdn.co/image/ab6761610000f178c9690bc711d04b3d4fd4b87c', 'width': 160}]",BLACKPINK,80,artist,spotify:artist:41MozSoPIsD1dJM0CLPjZF
{'spotify': 'https://open.spotify.com/artist/1sVSMPPNMMSZ7cQNfbvMOe'},367183,"['k-pop', 'korean pop', 'korean singer-songwriter']",https://api.spotify.com/v1/artists/1sVSMPPNMMSZ7cQNfbvMOe,1sVSMPPNMMSZ7cQNfbvMOe,"[{'height': 640, 'url': 'https://i.scdn.co/image/ab67616d0000b273cc4d1a1e9de2f3e58b44c536', 'width': 640}, {'height': 300, 'url': 'https://i.scdn.co/image/ab67616d00001e02cc4d1a1e9de2f3e58b44c536', 'width': 300}, {'height': 64, 'url': 'https://i.scdn.co/image/ab67616d00004851cc4d1a1e9de2f3e58b44c536', 'width': 64}]",Eddy Kim,42,artist,spotify:artist:1sVSMPPNMMSZ7cQNfbvMOe
{'spotify': 'https://open.spotify.com/artist/6zhAP0FoDccL9kuETOC20q'},218974,['korean pop'],https://api.spotify.com/v1/artists/6zhAP0FoDccL9kuETOC20q,6zhAP0FoDccL9kuETOC20q,"[{'height': 640, 'url': 'https://i.scdn.co/image/ab6761610000e5ebdb07b8b238e125d2ff34c576', 'width': 640}, {'height': 320, 'url': 'https://i.scdn.co/image/ab67616100005174db07b8b238e125d2ff34c576', 'width': 320}, {'height': 160, 'url': 'https://i.scdn.co/image/ab6761610000f178db07b8b238e125d2ff34c576', 'width': 160}]",Jung Yong Hwa,43,artist,spotify:artist:6zhAP0FoDccL9kuETOC20q
{'spotify': 'https://open.spotify.com/artist/6dCz3spfpIvqqqsIoP6wXi'},724205,"['k-pop', 'k-pop boy group']",https://api.spotify.com/v1/artists/6dCz3spfpIvqqqsIoP6wXi,6dCz3spfpIvqqqsIoP6wXi,"[{'height': 640, 'url': 'https://i.scdn.co/image/ab6761610000e5eb5fb1c4d1c614d4aa960f2c05', 'width': 640}, {'height': 320, 'url': 'https://i.scdn.co/image/ab676161000051745fb1c4d1c614d4aa960f2c05', 'width': 320}, {'height': 160, 'url': 'https://i.scdn.co/image/ab6761610000f1785fb1c4d1c614d4aa960f2c05', 'width': 160}]",CNBLUE,47,artist,spotify:artist:6dCz3spfpIvqqqsIoP6wXi
{'spotify': 'https://open.spotify.com/artist/2uWcrwgWmZcQc3IPBs3tfU'},1242040,"['k-pop', 'k-pop girl group']",https://api.spotify.com/v1/artists/2uWcrwgWmZcQc3IPBs3tfU,2uWcrwgWmZcQc3IPBs3tfU,"[{'height': 640, 'url': 'https://i.scdn.co/image/ab6761610000e5eb5d7e6f087811f89d7c8f0706', 'width': 640}, {'height': 320, 'url': 'https://i.scdn.co/image/ab676161000051745d7e6f087811f89d7c8f0706', 'width': 320}, {'height': 160, 'url': 'https://i.scdn.co/image/ab6761610000f1785d7e6f087811f89d7c8f0706', 'width': 160}]",Apink,50,artist,spotify:artist:2uWcrwgWmZcQc3IPBs3tfU
{'spotify': 'https://open.spotify.com/artist/4U80LJd8sG6U9YTFP5izka'},481882,['k-pop'],https://api.spotify.com/v1/artists/4U80LJd8sG6U9YTFP5izka,4U80LJd8sG6U9YTFP5izka,"[{'height': 640, 'url': 'https://i.scdn.co/image/ab67616d0000b273112b210accd05345a17a46f0', 'width': 640}, {'height': 300, 'url': 'https://i.scdn.co/image/ab67616d00001e02112b210accd05345a17a46f0', 'width': 300}, {'height': 64, 'url': 'https://i.scdn.co/image/ab67616d00004851112b210accd05345a17a46f0', 'width': 64}]",Suzy,51,artist,spotify:artist:4U80LJd8sG6U9YTFP5izka
{'spotify': 'https://open.spotify.com/artist/4ufh0WuMZh6y4Dmdnklvdl'},2684606,['k-pop'],https://api.spotify.com/v1/artists/4ufh0WuMZh6y4Dmdnklvdl,4ufh0WuMZh6y4Dmdnklvdl,"[{'height': 640, 'url': 'https://i.scdn.co/image/ab6761610000e5eb611e60f2b061c920476b2df3', 'width': 640}, {'height': 320, 'url': 'https://i.scdn.co/image/ab67616100005174611e60f2b061c920476b2df3', 'width': 320}, {'height': 160, 'url': 'https://i.scdn.co/image/ab6761610000f178611e60f2b061c920476b2df3', 'width': 160}]",BAEKHYUN,67,artist,spotify:artist:4ufh0WuMZh6y4Dmdnklvdl
{'spotify': 'https://open.spotify.com/artist/3JsHnjpbhX4SnySpvpa9DK'},16064831,"['j-division', 'korean ost']",https://api.spotify.com/v1/artists/3JsHnjpbhX4SnySpvpa9DK,3JsHnjpbhX4SnySpvpa9DK,"[{'height': 640, 'url': 'https://i.scdn.co/image/ab6761610000e5eb058178d5d95c2d3a33d3103d', 'width': 640}, {'height': 320, 'url': 'https://i.scdn.co/image/ab67616100005174058178d5d95c2d3a33d3103d', 'width': 320}, {'height': 160, 'url': 'https://i.scdn.co/image/ab6761610000f178058178d5d95c2d3a33d3103d', 'width': 160}]",V,81,artist,spotify:artist:3JsHnjpbhX4SnySpvpa9DK
{'spotify': 'https://open.spotify.com/artist/4Kxlr1PRlDKEB0ekOCyHgX'},5135856,"['k-pop', 'k-pop boy group']",https://api.spotify.com/v1/artists/4Kxlr1PRlDKEB0ekOCyHgX,4Kxlr1PRlDKEB0ekOCyHgX,"[{'height': 640, 'url': 'https://i.scdn.co/image/ab6761610000e5eb597a4257d0022e2ac837fa7d', 'width': 640}, {'height': 320, 'url': 'https://i.scdn.co/image/ab67616100005174597a4257d0022e2ac837fa7d', 'width': 320}, {'height': 160, 'url': 'https://i.scdn.co/image/ab6761610000f178597a4257d0022e2ac837fa7d', 'width': 160}]",BIGBANG,62,artist,spotify:artist:4Kxlr1PRlDKEB0ekOCyHgX
{'spotify': 'https://open.spotify.com/artist/30b9WulBM8sFuBo17nNq9c'},2953907,"['k-pop', 'k-rap']",https://api.spotify.com/v1/artists/30b9WulBM8sFuBo17nNq9c,30b9WulBM8sFuBo17nNq9c,"[{'height': 640, 'url': 'https://i.scdn.co/image/ab6761610000e5eb5923c0ca32a3cf3a81b34728', 'width': 640}, {'height': 320, 'url': 'https://i.scdn.co/image/ab676161000051745923c0ca32a3cf3a81b34728', 'width': 320}, {'height': 160, 'url': 'https://i.scdn.co/image/ab6761610000f1785923c0ca32a3cf3a81b34728', 'width': 160}]",G-DRAGON,57,artist,spotify:artist:30b9WulBM8sFuBo17nNq9c
{'spotify': 'https://open.spotify.com/artist/6udveWUgX4vu75FF0DTrXV'},1296305,"['k-pop', 'korean r&b']",https://api.spotify.com/v1/artists/6udveWUgX4vu75FF0DTrXV,6udveWUgX4vu75FF0DTrXV,"[{'height': 640, 'url': 'https://i.scdn.co/image/ab6761610000e5eb496189630cd3cb0c7b593fee', 'width': 640}, {'height': 320, 'url': 'https://i.scdn.co/image/ab67616100005174496189630cd3cb0c7b593fee', 'width': 320}, {'height': 160, 'url': 'https://i.scdn.co/image/ab6761610000f178496189630cd3cb0c7b593fee', 'width': 160}]",TAEYANG,63,artist,spotify:artist:6udveWUgX4vu75FF0DTrXV
{'spotify': 'https://open.spotify.com/artist/6udveWUgX4vu75FF0DTrXV'},1296305,"['k-pop', 'korean r&b']",https://api.spotify.com/v1/artists/6udveWUgX4vu75FF0DTrXV,6udveWUgX4vu75FF0DTrXV,"[{'height': 640, 'url': 'https://i.scdn.co/image/ab6761610000e5eb496189630cd3cb0c7b593fee', 'width': 640}, {'height': 320, 'url': 'https://i.scdn.co/image/ab67616100005174496189630cd3cb0c7b593fee', 'width': 320}, {'height': 160, 'url': 'https://i.scdn.co/image/ab6761610000f178496189630cd3cb0c7b593fee', 'width': 160}]",TAEYANG,63,artist,spotify:artist:6udveWUgX4vu75FF0DTrXV
{'spotify': 'https://open.spotify.com/artist/6OwKE9Ez6ALxpTaKcT5ayv'},1486368,['k-pop'],https://api.spotify.com/v1/artists/6OwKE9Ez6ALxpTaKcT5ayv,6OwKE9Ez6ALxpTaKcT5ayv,"[{'height': 640, 'url': 'https://i.scdn.co/image/ab6761610000e5ebe0341dd1e6471899c4eb53c6', 'width': 640}, {'height': 320, 'url': 'https://i.scdn.co/image/ab67616100005174e0341dd1e6471899c4eb53c6', 'width': 320}, {'height': 160, 'url': 'https://i.scdn.co/image/ab6761610000f178e0341dd1e6471899c4eb53c6', 'width': 160}]",AKMU,63,artist,spotify:artist:6OwKE9Ez6ALxpTaKcT5ayv
{'spotify': 'https://open.spotify.com/artist/3cjEqqelV9zb4BYE3qDQ4O'},9763952,"['k-pop', 'k-pop boy group']",https://api.spotify.com/v1/artists/3cjEqqelV9zb4BYE3qDQ4O,3cjEqqelV9zb4BYE3qDQ4O,"[{'height': 640, 'url': 'https://i.scdn.co/image/ab6761610000e5ebaf3c4b988a6fef40843cdc83', 'width': 640}, {'height': 320, 'url': 'https://i.scdn.co/image/ab67616100005174af3c4b988a6fef40843cdc83', 'width': 320}, {'height': 160, 'url': 'https://i.scdn.co/image/ab6761610000f178af3c4b988a6fef40843cdc83', 'width': 160}]",EXO,68,artist,spotify:artist:3cjEqqelV9zb4BYE3qDQ4O
{'spotify': 'https://open.spotify.com/artist/3UwlejyX2b458azZ7eCnHb'},2304412,['k-pop'],https://api.spotify.com/v1/artists/3UwlejyX2b458azZ7eCnHb,3UwlejyX2b458azZ7eCnHb,"[{'height': 640, 'url': 'https://i.scdn.co/image/ab6761610000e5ebd7f4b9b294a630d27f0c4d81', 'width': 640}, {'height': 320, 'url': 'https://i.scdn.co/image/ab67616100005174d7f4b9b294a630d27f0c4d81', 'width': 320}, {'height': 160, 'url': 'https://i.scdn.co/image/ab6761610000f178d7f4b9b294a630d27f0c4d81', 'width': 160}]",HyunA,50,artist,spotify:artist:3UwlejyX2b458azZ7eCnHb
{'spotify': 'https://open.spotify.com/artist/05uheFGPahVh2nHIZK1KuB'},19345,[],https://api.spotify.com/v1/artists/05uheFGPahVh2nHIZK1KuB,05uheFGPahVh2nHIZK1KuB,"[{'height': 640, 'url': 'https://i.scdn.co/image/ab67616d0000b273e407fef76c134fed7554c9c8', 'width': 640}, {'height': 300, 'url': 'https://i.scdn.co/image/ab67616d00001e02e407fef76c134fed7554c9c8', 'width': 300}, {'height': 64, 'url': 'https://i.scdn.co/image/ab67616d00004851e407fef76c134fed7554c9c8', 'width': 64}]",Jenyer,12,artist,spotify:artist:05uheFGPahVh2nHIZK1KuB
{'spotify': 'https://open.spotify.com/artist/6LPOT9C3gvGQHxlZtMLHHg'},137080,['k-pop'],https://api.spotify.com/v1/artists/6LPOT9C3gvGQHxlZtMLHHg,6LPOT9C3gvGQHxlZtMLHHg,"[{'height': 640, 'url': 'https://i.scdn.co/image/ab67616d0000b273a5ef9177a1d4084169e897ca', 'width': 640}, {'height': 300, 'url': 'https://i.scdn.co/image/ab67616d00001e02a5ef9177a1d4084169e897ca', 'width': 300}, {'height': 64, 'url': 'https://i.scdn.co/image/ab67616d00004851a5ef9177a1d4084169e897ca', 'width': 64}]",YEZI,26,artist,spotify:artist:6LPOT9C3gvGQHxlZtMLHHg
{'spotify': 'https://open.spotify.com/artist/0bxSJJ7V2M4Zb9lpRzWPD8'},271719,['k-pop'],https://api.spotify.com/v1/artists/0bxSJJ7V2M4Zb9lpRzWPD8,0bxSJJ7V2M4Zb9lpRzWPD8,"[{'height': 640, 'url': 'https://i.scdn.co/image/ab6761610000e5eb3e266db4e219aa75ad84cf7f', 'width': 640}, {'height': 320, 'url': 'https://i.scdn.co/image/ab676161000051743e266db4e219aa75ad84cf7f', 'width': 320}, {'height': 160, 'url': 'https://i.scdn.co/image/ab6761610000f1783e266db4e219aa75ad84cf7f', 'width': 160}]",SHIN JIMIN,22,artist,spotify:artist:0bxSJJ7V2M4Zb9lpRzWPD8
{'spotify': 'https://open.spotify.com/artist/436sYg6CZhNefQJogaXeK0'},354666,"['classical', 'french romanticism', 'late romantic era']",https://api.spotify.com/v1/artists/436sYg6CZhNefQJogaXeK0,436sYg6CZhNefQJogaXeK0,"[{'height': 1000, 'url': 'https://i.scdn.co/image/f565d81f8dcfdec438207f6d8b34689f3489232a', 'width': 1000}, {'height': 640, 'url': 'https://i.scdn.co/image/8be8940092279bc9d3bd3aef715b830ff4324585', 'width': 640}, {'height': 200, 'url': 'https://i.scdn.co/image/8f678a5306adb0c8d446a20b1bf524ea21220e8a', 'width': 200}, {'height': 64, 'url': 'https://i.scdn.co/image/be213cf31a1adbdacc67df8b455cbe46e5513bdb', 'width': 64}]",Camille Saint-Sa√´ns,62,artist,spotify:artist:436sYg6CZhNefQJogaXeK0
{'spotify': 'https://open.spotify.com/artist/32zeX1IoVKAGWMyy1isKUq'},431406,"['indie garage rock', 'indie pop', 'indie surf']",https://api.spotify.com/v1/artists/32zeX1IoVKAGWMyy1isKUq,32zeX1IoVKAGWMyy1isKUq,"[{'height': 640, 'url': 'https://i.scdn.co/image/ab6761610000e5eba57eb738bd988307730468c5', 'width': 640}, {'height': 320, 'url': 'https://i.scdn.co/image/ab67616100005174a57eb738bd988307730468c5', 'width': 320}, {'height': 160, 'url': 'https://i.scdn.co/image/ab6761610000f178a57eb738bd988307730468c5', 'width': 160}]",No Vacation,53,artist,spotify:artist:32zeX1IoVKAGWMyy1isKUq
{'spotify': 'https://open.spotify.com/artist/5BCnLrqpwYtufR1bDWn0hG'},254340,['bedroom pop'],https://api.spotify.com/v1/artists/5BCnLrqpwYtufR1bDWn0hG,5BCnLrqpwYtufR1bDWn0hG,"[{'height': 640, 'url': 'https://i.scdn.co/image/ab6761610000e5eb7485edfe3f876af76f207838', 'width': 640}, {'height': 320, 'url': 'https://i.scdn.co/image/ab676161000051747485edfe3f876af76f207838', 'width': 320}, {'height': 160, 'url': 'https://i.scdn.co/image/ab6761610000f1787485edfe3f876af76f207838', 'width': 160}]",Banes World,46,artist,spotify:artist:5BCnLrqpwYtufR1bDWn0hG
{'spotify': 'https://open.spotify.com/artist/5712BvYQ5m5Wcah576OFH4'},44180,['queercore'],https://api.spotify.com/v1/artists/5712BvYQ5m5Wcah576OFH4,5712BvYQ5m5Wcah576OFH4,"[{'height': 640, 'url': 'https://i.scdn.co/image/ab6761610000e5ebf241d399ea4ae3cb0b27bd64', 'width': 640}, {'height': 320, 'url': 'https://i.scdn.co/image/ab67616100005174f241d399ea4ae3cb0b27bd64', 'width': 320}, {'height': 160, 'url': 'https://i.scdn.co/image/ab6761610000f178f241d399ea4ae3cb0b27bd64', 'width': 160}]",PWR BTTM,28,artist,spotify:artist:5712BvYQ5m5Wcah576OFH4
{'spotify': 'https://open.spotify.com/artist/4bthk9UfsYUYdcFyqxmSUU'},3155233,"['new romantic', 'new wave', 'new wave pop', 'permanent wave', 'rock', 'sophisti-pop', 'synthpop']",https://api.spotify.com/v1/artists/4bthk9UfsYUYdcFyqxmSUU,4bthk9UfsYUYdcFyqxmSUU,"[{'height': 640, 'url': 'https://i.scdn.co/image/ab6761610000e5eb42ed2cb48c231f545a5a3dad', 'width': 640}, {'height': 320, 'url': 'https://i.scdn.co/image/ab6761610000517442ed2cb48c231f545a5a3dad', 'width': 320}, {'height': 160, 'url': 'https://i.scdn.co/image/ab6761610000f17842ed2cb48c231f545a5a3dad', 'width': 160}]",Tears For Fears,71,artist,spotify:artist:4bthk9UfsYUYdcFyqxmSUU
{'spotify': 'https://open.spotify.com/artist/3g3ew6TtLErig0QaTcSaPt'},830,[],https://api.spotify.com/v1/artists/3g3ew6TtLErig0QaTcSaPt,3g3ew6TtLErig0QaTcSaPt,[],Natureboy,0,artist,spotify:artist:3g3ew6TtLErig0QaTcSaPt
{'spotify': 'https://open.spotify.com/artist/4jCIAMb0zEArF3GYEYzoDk'},246256,['pov: indie'],https://api.spotify.com/v1/artists/4jCIAMb0zEArF3GYEYzoDk,4jCIAMb0zEArF3GYEYzoDk,"[{'height': 640, 'url': 'https://i.scdn.co/image/ab6761610000e5ebffc746153c19e03e03718598', 'width': 640}, {'height': 320, 'url': 'https://i.scdn.co/image/ab67616100005174ffc746153c19e03e03718598', 'width': 320}, {'height': 160, 'url': 'https://i.scdn.co/image/ab6761610000f178ffc746153c19e03e03718598', 'width': 160}]",Joy Again,58,artist,spotify:artist:4jCIAMb0zEArF3GYEYzoDk
{'spotify': 'https://open.spotify.com/artist/5M0HAqHXyOh3q7WQnvce8o'},96821,"['hypnagogic pop', 'indie garage rock']",https://api.spotify.com/v1/artists/5M0HAqHXyOh3q7WQnvce8o,5M0HAqHXyOh3q7WQnvce8o,"[{'height': 640, 'url': 'https://i.scdn.co/image/ab6761610000e5eb1098d1cf11f5457573e45479', 'width': 640}, {'height': 320, 'url': 'https://i.scdn.co/image/ab676161000051741098d1cf11f5457573e45479', 'width': 320}, {'height': 160, 'url': 'https://i.scdn.co/image/ab6761610000f1781098d1cf11f5457573e45479', 'width': 160}]",Part Time,43,artist,spotify:artist:5M0HAqHXyOh3q7WQnvce8o
{'spotify': 'https://open.spotify.com/artist/4wyNyxs74Ux8UIDopNjIai'},787415,['uk alternative pop'],https://api.spotify.com/v1/artists/4wyNyxs74Ux8UIDopNjIai,4wyNyxs74Ux8UIDopNjIai,"[{'height': 640, 'url': 'https://i.scdn.co/image/ab6761610000e5eba15b75a2ee429509f547c3af', 'width': 640}, {'height': 320, 'url': 'https://i.scdn.co/image/ab67616100005174a15b75a2ee429509f547c3af', 'width': 320}, {'height': 160, 'url': 'https://i.scdn.co/image/ab6761610000f178a15b75a2ee429509f547c3af', 'width': 160}]",King Krule,58,artist,spotify:artist:4wyNyxs74Ux8UIDopNjIai
{'spotify': 'https://open.spotify.com/artist/5gcDZA9xXCOspWgQilUYIu'},70478,"['australian indie', 'australian indie rock']",https://api.spotify.com/v1/artists/5gcDZA9xXCOspWgQilUYIu,5gcDZA9xXCOspWgQilUYIu,"[{'height': 640, 'url': 'https://i.scdn.co/image/ab6761610000e5eb93b812df38d5d3b160de0f5b', 'width': 640}, {'height': 320, 'url': 'https://i.scdn.co/image/ab6761610000517493b812df38d5d3b160de0f5b', 'width': 320}, {'height': 160, 'url': 'https://i.scdn.co/image/ab6761610000f17893b812df38d5d3b160de0f5b', 'width': 160}]",The Preatures,37,artist,spotify:artist:5gcDZA9xXCOspWgQilUYIu
{'spotify': 'https://open.spotify.com/artist/4OrizGCKhOrW6iDDJHN9xd'},349114,"['brooklyn indie', 'dream pop', 'dreamo', 'indie rock', 'indie surf', 'modern dream pop', 'neo-psychedelic', 'nu gaze', 'shoegaze']",https://api.spotify.com/v1/artists/4OrizGCKhOrW6iDDJHN9xd,4OrizGCKhOrW6iDDJHN9xd,"[{'height': 640, 'url': 'https://i.scdn.co/image/ab6761610000e5eb2d8c6997462537503b40693b', 'width': 640}, {'height': 320, 'url': 'https://i.scdn.co/image/ab676161000051742d8c6997462537503b40693b', 'width': 320}, {'height': 160, 'url': 'https://i.scdn.co/image/ab6761610000f1782d8c6997462537503b40693b', 'width': 160}]",DIIV,47,artist,spotify:artist:4OrizGCKhOrW6iDDJHN9xd
{'spotify': 'https://open.spotify.com/artist/5QP6YlOw9QlFgb6pRG6euk'},1152,[],https://api.spotify.com/v1/artists/5QP6YlOw9QlFgb6pRG6euk,5QP6YlOw9QlFgb6pRG6euk,"[{'height': 640, 'url': 'https://i.scdn.co/image/ab6761610000e5eb072fe35d295ac5aa4a636717', 'width': 640}, {'height': 320, 'url': 'https://i.scdn.co/image/ab67616100005174072fe35d295ac5aa4a636717', 'width': 320}, {'height': 160, 'url': 'https://i.scdn.co/image/ab6761610000f178072fe35d295ac5aa4a636717', 'width': 160}]",Gazebos,0,artist,spotify:artist:5QP6YlOw9QlFgb6pRG6euk
